incident_zone,duration_hours,external_count,replications,mean_response_min_mean,mean_response_min_ci95_low,mean_response_min_ci95_high,cumulative_response_gain_min_mean,cumulative_response_gain_min_ci95_low,cumulative_response_gain_min_ci95_high,marginal_response_gain_min_mean,marginal_response_gain_min_ci95_low,marginal_response_gain_min_ci95_high,total_delay_penalty_yuan_mean,total_delay_penalty_yuan_ci95_low,total_delay_penalty_yuan_ci95_high,avoided_penalty_yuan_mean,avoided_penalty_yuan_ci95_low,avoided_penalty_yuan_ci95_high,avoided_penalty_per_vehicle_yuan_mean,avoided_penalty_per_vehicle_yuan_ci95_low,avoided_penalty_per_vehicle_yuan_ci95_high,marginal_break_even_cost_yuan_mean,marginal_break_even_cost_yuan_ci95_low,marginal_break_even_cost_yuan_ci95_high,external_dispatches_mean,external_dispatches_ci95_low,external_dispatches_ci95_high
1,0.5,0,10,6.958107506207635,4.398603548609213,9.517611463806057,0.0,0.0,0.0,,,,6580.327423846458,697.3982025682108,12463.256645124706,0.0,0.0,0.0,,,,,,,0.0,0.0,0.0
1,0.5,1,10,5.862877902849657,3.945672033321924,7.780083772377391,1.0952296033579763,0.2730876638937867,1.9173715428221658,1.0952296033579763,0.2730876638937867,1.9173715428221658,4796.799757928828,643.229072822076,8950.37044303558,1783.5276659176313,-93.84169129462111,3660.8970231298836,1783.5276659176313,-93.84169129462111,3660.8970231298836,1783.5276659176313,-93.84169129462111,3660.8970231298836,1.0,1.0,1.0
1,0.5,2,10,5.0229449380541045,3.775133815778779,6.27075606032943,1.9351625681535296,0.5317600453853724,3.338565090921687,0.8399329647955535,0.12876367255356025,1.5511022570375466,3210.597438651963,604.9467845924819,5816.248092711444,3369.7299851944963,38.58682436405161,6700.873146024941,1684.8649925972481,19.293412182025804,3350.4365730124705,1586.2023192768645,-42.3850454477797,3214.7896840015087,1.8,1.4983790449602394,2.1016209550397607
1,0.5,3,10,4.466585516947873,3.5969942932738306,5.336176740621916,2.4915219892597604,0.6262996158800753,4.3567443626394455,0.5563594211062309,0.035094457085997455,1.0776243851264644,2232.257784362952,541.2336086102396,3923.2819601156643,4348.069639483507,-8.969156054994528,8705.108435022008,1449.3565464945023,-2.9897186849980244,2901.7028116740025,978.3396542890108,-93.41456307877877,2050.0938716568003,2.6,1.9967580899204789,3.2032419100795213
1,0.5,4,10,4.233201898236972,3.4529177199458974,5.0134860765280465,2.724905607970663,0.740223360920208,4.709587855021118,0.2333836187109019,0.005298001756926657,0.4614692356648772,1865.0746497488883,336.27498205565416,3393.8743174421224,4715.252774097571,160.12200962075622,9270.383538574386,1178.8131935243928,40.030502405189054,2317.5958846435965,367.1831346140636,11.85253229554155,722.5137369325856,3.3,2.4046123998096993,4.1953876001903
1,0.5,5,10,4.025819825689803,3.3153237271318767,4.736315924247729,2.9322876805178306,0.6533204071607979,5.211254953874864,0.2073820725471683,-0.15290461769198047,0.5676687627863171,1465.677950189273,239.83979297748533,2691.5161074010603,5114.649473657186,-98.86991188543288,10328.168859199805,1022.9298947314371,-19.773982377086668,2065.633771839961,399.39669955961523,-344.0201256062024,1142.813524725433,3.9,2.7101254023728165,5.089874597627183
1,0.5,6,10,4.027034594672465,3.3158514513037725,4.738217738041157,2.931072911535169,0.6543486749202883,5.20779714815005,-0.0012147689826614183,-0.003962767337934034,0.0015332293726111974,1468.5933957476607,240.46758436907794,2696.7192071262434,5111.734028098797,-95.90735976943688,10319.375415967032,851.9556713497998,-15.9845599615727,1719.8959026611724,-2.915445558387637,-9.510641611042443,3.6797504942671684,4.5,2.982498842458547,6.017501157541453
1,1.0,0,10,9.117031550641387,5.476149405056322,12.757913696226453,0.0,0.0,0.0,,,,18560.63643612962,4392.397269882629,32728.875602376607,0.0,0.0,0.0,,,,,,,0.0,0.0,0.0
1,1.0,1,10,7.70053888386667,4.8220924168930885,10.578985350840252,1.416492666774717,0.45683293173706163,2.3761524018123725,1.416492666774717,0.45683293173706163,2.3761524018123725,14113.01858074868,3355.376208401003,24870.660953096354,4447.617855380938,503.80741709136146,8391.428293670513,4447.617855380938,503.80741709136146,8391.428293670513,4447.617855380938,503.80741709136146,8391.428293670513,1.8,1.4983790449602394,2.1016209550397607
1,1.0,2,10,6.378264180491496,4.334665603298476,8.421862757684515,2.7387673701498914,1.0534506549107907,4.4240840853889924,1.322274703375174,0.4474248871850983,2.19712451956525,9845.715564794635,2378.82400685819,17312.60712273108,8714.920871334984,1766.9539559553268,15662.88778671464,4357.460435667492,883.4769779776634,7831.44389335732,4267.303015954045,869.4460092372333,7665.160022670856,3.3,2.7110662584135135,3.888933741586486
1,1.0,3,10,5.697855070478431,3.9795243961534648,7.416185744803396,3.4191764801629567,1.3420099893415949,5.496342970984319,0.6804091100130654,0.26143727289673585,1.099380947129395,7747.804714231888,1627.9841779773305,13867.625250486446,10812.831721897728,2268.371302784073,19357.292141011385,3604.277240632576,756.1237675946913,6452.430713670461,2097.9108505627455,452.76029664541056,3743.0614044800805,4.4,3.6310144322718845,5.168985567728116
1,1.0,4,10,4.972080204282236,3.7088779884111998,6.235282420153272,4.144951346359152,1.5684062423822613,6.721496450336042,0.7257748661961948,0.19710502988371492,1.2544447025086747,5384.0256077177155,1138.5324875008446,9629.518727934586,13176.610828411902,2610.087373256263,23743.13428356754,3294.1527071029755,652.5218433140658,5935.783570891885,2363.7791065141732,271.7634081895667,4455.79480483878,5.3,4.230946233100898,6.369053766899102
1,1.0,5,10,4.621847687906537,3.634873034029055,5.608822341784019,4.49518386273485,1.7998746988778134,7.190493026591886,0.3502325163756986,-0.14117340325534977,0.8416384360067469,4371.557626614535,1054.6048853546176,7688.510367874453,14189.078809515082,3277.749095222496,25100.408523807666,2837.815761903016,655.5498190444987,5020.081704761534,1012.4679811031796,-680.7120425688239,2705.648004775183,5.9,4.919731896120778,6.880268103879223
1,1.0,6,10,4.397428462334205,3.477002313444714,5.317854611223696,4.719603088307181,1.8912687746762913,7.547937401938071,0.2244192255723318,-0.0736302158112101,0.5224686669558737,3669.733432881555,652.855219948257,6686.611645814854,14890.903003248062,3406.9171068914184,26374.888899604706,2481.8171672080102,567.8195178152364,4395.814816600784,701.824193732981,-372.52719559928437,1776.1755830652464,6.5,5.474377868802519,7.525622131197481
1,2.0,0,10,11.329721376236918,7.32183845294448,15.337604299529357,0.0,0.0,0.0,,,,44219.02985059853,16467.738370227158,71970.32133096989,0.0,0.0,0.0,,,,,,,0.0,0.0,0.0
1,2.0,1,10,8.919878777503362,6.156652554484453,11.683105000522271,2.409842598733556,0.9794869786059781,3.8401982188611337,2.409842598733556,0.9794869786059781,3.8401982188611337,30524.646056641697,11934.57743744594,49114.71467583746,13694.383793956833,3631.2215105430405,23757.546077370625,13694.383793956833,3631.2215105430405,23757.546077370625,13694.383793956833,3631.2215105430405,23757.546077370625,2.9,2.4939303619563953,3.3060696380436045
1,2.0,2,10,7.2329513800886165,5.243447245213057,9.222455514964176,4.096769996148302,1.8835775153955847,6.309962476901019,1.6869273974147454,0.8257049403341522,2.5481498544953385,21380.88317208992,8206.04314032789,34555.72320385195,22838.146678508612,7308.609561318692,38367.68379569853,11419.073339254306,3654.304780659346,19183.841897849266,9143.76288455178,3348.58268592327,14938.94308318029,5.3,4.7110662584135135,5.888933741586486
1,2.0,3,10,6.131197778594594,4.754765536943801,7.507630020245387,5.198523597642325,2.437007680144922,7.960039515139727,1.101753601494023,0.4336499318512822,1.7698572711367637,15091.06756004304,6325.082638983176,23857.052481102903,29127.96229055549,9501.29058300937,48754.633998101606,9709.320763518497,3167.096861003125,16251.54466603387,6289.815612046879,1693.707055573922,10885.924168519836,7.8,6.85818886975084,8.74181113024916
1,2.0,4,10,5.373833104015217,4.371656923976984,6.376009284053451,5.955888272221702,2.810747698099332,9.101028846344072,0.757364674579377,0.28029315478124905,1.2344361943775048,11016.11969869324,4904.953566962467,17127.28583042401,33202.91015190529,10844.071410995573,55561.74889281501,8300.727537976323,2711.0178527488933,13890.437223203753,4074.9478613498018,884.863081624123,7265.032641075481,10.0,8.88155956477889,11.11844043522111
1,2.0,5,10,4.884402310433081,4.141253382297012,5.62755123856915,6.445319065803838,3.0616694440529213,9.828968687554756,0.48943079358213615,0.05563153575155816,0.9232300514127141,8489.198416023857,3765.5830761829375,13212.813755864776,35729.83143457468,12307.927221809256,59151.7356473401,7145.966286914935,2461.585444361852,11830.347129468018,2526.9212826693824,245.52606825422845,4808.316497084536,12.1,10.86326213014749,13.33673786985251
1,2.0,6,10,4.558731381344672,3.992503309896222,5.124959452793123,6.770989994892247,3.18685960516041,10.355120384624083,0.3256709290884082,0.04428701186515277,0.6070548463116636,6707.474866417411,3138.996981235206,10275.952751599616,37511.554984181115,12952.037229995403,62071.07273836683,6251.925830696853,2158.6728716659018,10345.178789727805,1781.7235496064466,154.03098493737048,3409.416114275523,13.8,12.459567155635103,15.140432844364899
1,4.0,0,10,20.900229721183347,7.803031253439604,33.99742818892709,0.0,0.0,0.0,,,,199840.25400070217,9649.64775975069,390030.86024165363,0.0,0.0,0.0,,,,,,,0.0,0.0,0.0
1,4.0,1,10,12.686159106426128,6.419971755591845,18.95234645726041,8.214070614757222,1.3121357255131008,15.116005504001343,8.214070614757222,1.3121357255131008,15.116005504001343,103887.43962683456,12717.741737031116,195057.137516638,95952.81437386762,-3577.5513552883494,195483.1801030236,95952.81437386762,-3577.5513552883494,195483.1801030236,95952.81437386762,-3577.5513552883494,195483.1801030236,5.9,4.80987910909812,6.99012089090188
1,4.0,2,10,9.19500576062614,5.387793910800309,13.002217610451972,11.705223960557209,2.334374054988542,21.076073866125874,3.491153345799989,0.9842245767406848,5.998082114859293,64308.29555106767,9102.140756922949,119514.45034521239,135531.9584496345,-60.766580617200816,271124.68347988615,67765.97922481725,-30.383290308600408,135562.34173994308,39579.14407576689,3271.660301000011,75886.62785053377,10.3,9.179020536686764,11.420979463313238
1,4.0,3,10,7.345548647775613,4.866104463615817,9.824992831935408,13.554681073407739,2.8990790344464497,24.210283112369027,1.8494571128505286,0.4841971454622389,3.2147170802388185,43565.14096891413,7677.021106754582,79453.26083107368,156275.11303178806,1721.293879320292,310828.9321842558,52091.70434392935,573.7646264401046,103609.6440614186,20743.15458215355,1157.0051966070132,40329.30396770009,14.5,13.368921418600898,15.631078581399102
1,4.0,4,10,6.051223103835271,4.708902189372475,7.393544018298067,14.849006617348076,3.041173644345438,26.656839590350714,1.2943255439403398,0.10575415118262455,2.4828969366980553,28903.683676455265,9823.473659080151,47983.89369383038,170936.57032424692,-516.193936117721,342389.3345846116,42734.14258106173,-129.04848402943026,85597.3336461529,14661.457292458852,-2510.9704211250446,31833.88500604275,18.4,17.222132516827024,19.577867483172973
1,4.0,5,10,5.200925444702534,4.554929898955274,5.846920990449794,15.699304276480813,3.130891425525265,28.267717127436363,0.8502976591327371,0.07023206874936516,1.6303632495161091,19378.29624667115,10675.127401755772,28081.465091586528,180461.95775403103,-1846.5155326747918,362770.43104073685,36092.391550806205,-369.3031065349642,72554.08620814738,9525.387429784112,-1450.247440210329,20501.022299778553,22.1,20.910125402372817,23.289874597627186
1,4.0,6,10,4.6250937201135525,4.259585021136845,4.99060241909026,16.275136001069797,3.4639998360440565,29.086272166095537,0.5758317245889819,0.28851094414489703,0.8631525050330668,13482.742886281558,8473.58868215417,18491.897090408944,186357.51111442066,668.2130946157267,372046.8091342256,31059.585185736767,111.3688491026187,62007.801522370915,5895.553360389597,2167.9722123855854,9623.13450839361,25.3,23.578843421735517,27.021156578264485
1,5.0,0,10,34.68244653104297,18.43702926870114,50.9278637933848,0.0,0.0,0.0,,,,424081.32593878516,146435.63339389476,701727.0184836756,0.0,0.0,0.0,,,,,,,0.0,0.0,0.0
1,5.0,1,10,16.677624709234127,6.063457500015302,27.29179191845295,18.004821821808843,11.257940605005459,24.751703038612227,18.004821821808843,11.257940605005459,24.751703038612227,185204.75206930045,6667.027583277522,363742.47655532334,238876.57386948477,129732.0613134066,348021.086425563,238876.57386948477,129732.0613134066,348021.086425563,238876.57386948477,129732.0613134066,348021.086425563,7.7,6.8046123998097,8.5953876001903
1,5.0,2,10,10.318574086739904,4.838671709459946,15.798476464019863,24.363872444303066,13.27376912073275,35.45397576787338,6.359050622494223,1.2006451038264423,11.517456141162004,95240.55876102182,3669.631611834775,186811.48591020887,328840.7671777634,139724.58537218333,517956.94898334343,164420.3835888817,69862.29268609166,258978.47449167172,89964.19330827863,2788.950800781895,177139.43581577536,13.5,11.77224892793178,15.22775107206822
1,5.0,3,10,7.673557890669612,4.436728157794646,10.910387623544576,27.008888640373364,13.825041341704209,40.19273593904252,2.6450161960702947,0.3590685647548133,4.930963827385776,58382.68572864792,4596.019187560298,112169.35226973554,365698.64021013735,140081.1198912638,591316.1605290109,121899.54673671241,46693.70663042122,197105.3868430036,36857.8730323739,-1362.8339020790881,75078.57996682689,18.2,16.817799142345425,19.582200857654573
1,5.0,4,10,6.244767549125644,4.341311961998533,8.148223136252755,28.437678981917326,13.990036129321243,42.885321834513405,1.4287903415439671,0.03740109705519168,2.8201795860327428,38717.76814884633,7726.911755370169,69708.62454232249,385363.5577899389,137863.7263830117,632863.3891968661,96340.88944748472,34465.931595752925,158215.84729921652,19664.917579801586,-3699.3076298753003,43029.14278947847,23.2,21.737838171679076,24.662161828320922
1,5.0,5,10,5.282769601382409,4.221200466257232,6.344338736507585,29.399676929660565,14.118532964768718,44.68082089455241,0.9619979477432349,0.08351789025633527,1.8404780052301346,25535.85460833747,8932.687561579172,42139.02165509577,398545.47133044776,136772.94651153858,660317.996149357,79709.09426608954,27354.5893023077,132063.59922987138,13181.913540508856,-1520.4064043502585,27884.23348536797,27.8,26.417799142345427,29.182200857654575
1,5.0,6,10,4.675120060184466,4.145822062492513,5.204418057876419,30.007326470858498,14.172488431450276,45.84216451026672,0.6076495411979429,0.024294853717938936,1.1910042286779468,17384.23768491037,9407.852098850562,25360.62327097018,406697.08825387474,136189.6442897374,677204.532218012,67782.84804231247,22698.27404828959,112867.42203633535,8151.6169234271,-876.232386410602,17179.4662332648,31.6,30.2014411663571,32.9985588336429
1,6.0,0,10,53.76532498793997,39.358146163550174,68.17250381232977,0.0,0.0,0.0,,,,769520.81169641,469985.2369909879,1069056.386401832,0.0,0.0,0.0,,,,,,,0.0,0.0,0.0
1,6.0,1,10,23.406730296647034,12.050226084542304,34.763234508751765,30.358594691292932,25.26784578217096,35.449343600414906,30.358594691292932,25.26784578217096,35.449343600414906,315752.884793754,95371.29349447673,536134.4760930313,453767.926902656,358948.8485449519,548587.0052603601,453767.926902656,358948.8485449519,548587.0052603601,453767.926902656,358948.8485449519,548587.0052603601,10.6,9.2014411663571,11.9985588336429
1,6.0,2,10,12.186537719160304,5.231059562759101,19.14201587556151,41.578787268779664,32.655151411066,50.502423126493326,11.220192577486731,6.241976159080083,16.19840899589338,140261.16183378204,8089.156678643078,272433.166988921,629259.6498626278,447552.96804756194,810966.3316776938,314629.8249313139,223776.48402378097,405483.1658388469,175491.72295997196,80206.8166723727,270776.6292475712,16.3,14.21985385737214,18.38014614262786
1,6.0,3,10,7.902042751663099,4.386028235729283,11.418057267596915,45.86328223627686,34.47367077758741,57.25289369496631,4.2844949674972055,0.6933695256137531,7.875620409380658,70987.67084629425,4798.006599239889,137177.3350933486,698533.1408501158,459595.1024117864,937471.1792884453,232844.38028337187,153198.3674705954,312490.3930961483,69273.49098748776,1146.5241459520475,137400.45782902348,21.6,19.74680982638157,23.453190173618434
1,6.0,4,10,6.027922560833571,4.4270053989411355,7.628839722726006,47.7374024271064,34.63670984151044,60.83809501270237,1.8741201908295289,-0.10766012603731268,3.8559005076963704,40609.809828580954,11387.863512017087,69831.75614514481,728911.001867829,455806.05740728194,1002015.9463283761,182227.75046695725,113951.51435182049,250503.98658209402,30377.861017713294,-7286.028883877967,68041.75091930456,26.9,25.232537986680082,28.567462013319915
1,6.0,5,10,5.220454417401762,4.163741886184116,6.277166948619408,48.54487057053821,34.917071769812374,62.17266937126404,0.8074681434318084,0.21228082256876502,1.4026554642948517,28339.12487456666,9983.02148364577,46695.228265487545,741181.6868218433,457428.7715628702,1024934.6020808164,148236.33736436866,91485.75431257403,204986.92041616328,12270.684954014296,887.8611636060123,23653.50874442258,32.2,30.454242508997957,33.94575749100205
1,6.0,6,10,4.701315653384272,4.136697897720859,5.265933409047685,49.06400933455569,35.0004943199021,63.12752434920928,0.5191387640174903,-0.007959034385135677,1.0462365624201162,20350.852689551524,10972.533252380945,29729.172126722104,749169.9590068585,457103.4197986365,1041236.4982150805,124861.65983447639,76183.90329977272,173539.41636918008,7988.272185015134,-1328.9654635532515,17305.50983358352,37.3,34.938238584905925,39.66176141509407
1,8.0,0,10,79.84132592050703,64.00723531049897,95.6754165305151,0.0,0.0,0.0,,,,1478322.8520880728,1036227.5075538973,1920418.1966222483,0.0,0.0,0.0,,,,,,,0.0,0.0,0.0
1,8.0,1,10,44.54681044533326,31.51284244339365,57.58077844727286,35.29451547517376,31.684127519387793,38.90490343095973,35.29451547517376,31.684127519387793,38.90490343095973,804429.4524215014,463026.5559504551,1145832.3488925477,673893.3996665713,566289.6699478714,781497.1293852712,673893.3996665713,566289.6699478714,781497.1293852712,673893.3996665713,566289.6699478714,781497.1293852712,13.0,12.662777520546344,13.337222479453656
1,8.0,2,10,19.96141898598081,10.288636978647084,29.634200993314536,59.87990693452622,52.54683772566408,67.21297614338836,24.58539145935244,20.58165158732826,28.58913133137662,332017.35347896314,92881.13434826289,571153.5726096634,1146305.4986091093,932037.4892292236,1360573.507988995,573152.7493045547,466018.7446146118,680286.7539944975,472412.0989425384,362995.935908419,581828.2619766577,23.3,22.035977864467302,24.5640221355327
1,8.0,3,10,9.703963427968208,3.8239967476151344,15.583930108321283,70.13736249253881,58.94436640267701,81.3303585824006,10.257455558012603,5.837040047684076,14.67787106834113,129261.26724959491,-13353.424476643151,271875.95897583297,1349061.584838478,1033243.14987631,1664880.0198006458,449687.19494615926,344414.3832921033,554960.0066002152,202756.08622936817,96341.29618893084,309170.8762698055,29.8,27.468526596545424,32.13147340345458
1,8.0,4,10,6.346453323660599,4.186453878501354,8.506452768819845,73.49487259684642,59.40897634880494,87.5807688448879,3.3575101043076088,-0.41105441516882646,7.126074623784044,58981.310855950185,7107.389410467651,110855.23230143273,1419341.5412321226,1023814.2379152534,1814868.8445489919,354835.38530803064,255953.55947881335,453717.21113724797,70279.9563936447,-21083.182939923223,161643.0957272126,36.1,33.4138371994291,38.7861628005709
1,8.0,5,10,4.945900668480535,4.191366677296687,5.700434659664383,74.8954252520265,59.63724576825989,90.15360473579311,1.4005526551800636,-0.03058973176653379,2.831695042126661,30849.886011246366,13023.313381986045,48676.45864050669,1447472.9660768262,1021198.9219648493,1873747.010188803,289494.59321536525,204239.78439296986,374749.40203776065,28131.42484470382,-6204.967064035365,62467.816753443,42.4,40.26189246620179,44.538107533798204
1,8.0,6,10,4.501324146030997,4.0423301486878955,4.960318143374099,75.34000177447602,59.76313531440136,90.91686823455069,0.44457652244953777,0.07097346491727696,0.8181795799817986,22579.30161617608,12324.562021143909,32834.04121120825,1455743.5504718963,1021635.0014803121,1889852.0994634805,242623.9250786494,170272.5002467187,314975.3499105801,8270.584395070295,-180.19366181154146,16721.362451952133,48.0,45.71284586661762,50.28715413338238
1,10.0,0,10,80.73267428846792,63.768253844190596,97.69709473274524,0.0,0.0,0.0,,,,1799903.8189638678,1303232.176202801,2296575.4617249346,0.0,0.0,0.0,,,,,,,0.0,0.0,0.0
1,10.0,1,10,42.45774454590345,27.217357031399402,57.6981320604075,38.274929742564474,36.11163861412805,40.4382208710009,38.274929742564474,36.11163861412805,40.4382208710009,919272.1342114208,503777.21029757214,1334767.0581252694,880631.6847524468,793070.6371864666,968192.7323184271,880631.6847524468,793070.6371864666,968192.7323184271,880631.6847524468,793070.6371864666,968192.7323184271,13.0,12.662777520546344,13.337222479453656
1,10.0,2,10,16.3626226006293,4.881130342102173,27.844114859156427,64.37005168783863,56.71523384510434,72.0248695305729,26.09512194527415,20.299549718524666,31.890694172023636,313205.55795251095,8192.356214036816,618218.7596909851,1486698.2610113567,1254786.0734959757,1718610.4485267377,743349.1305056784,627393.0367479878,859305.2242633689,606066.57625891,455143.3237290246,756989.8287887954,24.2,23.747568567440357,24.65243143255964
1,10.0,3,10,8.118648201090469,3.0275381349464023,13.209758267234536,72.61402608737745,59.79839545218461,85.4296567225703,8.243974399538832,1.632332849487569,14.855615949590096,114543.18823271399,-20556.91376170327,249643.29022713125,1685360.6307311535,1304915.3209136205,2065805.9405486865,561786.8769103845,434971.77363787347,688601.9801828956,198662.36971979696,24136.9683178399,373187.771121754,33.5,32.53140217047879,34.46859782952121
1,10.0,4,10,5.359295250481131,4.310829063422734,6.407761437539529,75.37337903798678,59.38224812707745,91.36450994889611,2.759352950609336,-1.3383015247420467,6.8570074259607185,46370.19657118873,18693.145232146493,74047.24791023097,1753533.622392679,1283208.9719465263,2223858.272838832,438383.4055981698,320802.2429866316,555964.568209708,68172.99166152526,-40266.67013066448,176612.653453715,41.8,39.868683552267264,43.73131644773273
1,10.0,5,10,4.679948214155375,4.170411858197411,5.189484570113339,76.05272607431253,59.53014248218348,92.57530966644158,0.6793470363257568,0.11284506296684538,1.2458490096846682,30847.888770461555,17603.762379217093,44092.01516170602,1769055.9301934063,1284609.06118184,2253502.7992049726,353811.18603868125,256921.81223636802,450700.5598409945,15522.307800727174,649.6526581090675,30394.96294334528,49.1,46.37183054183421,51.828169458165796
1,10.0,6,10,4.286340733615159,4.054109283326102,4.518572183904216,76.44633355485276,59.56896207722171,93.3237050324838,0.39360748054021544,-0.020250593343999812,0.8074655544244307,22055.88019441751,16750.908909711485,27360.851479123536,1777847.9387694504,1284225.8044028468,2271470.073136054,296307.9897949084,214037.6340671411,378578.34552267566,8792.008576044045,-1535.3962519905654,19119.413404078656,54.5,51.65351465905196,57.34648534094804
1,11.0,0,10,85.27083092898064,65.8892682473965,104.65239361056479,0.0,0.0,0.0,,,,2133759.0959337233,1508472.6873706,2759045.5044968463,0.0,0.0,0.0,,,,,,,0.0,0.0,0.0
1,11.0,1,10,46.59566369455483,29.497733500459248,63.69359388865041,38.67516723442582,35.89483816708315,41.45549630176849,38.67516723442582,35.89483816708315,41.45549630176849,1138511.8581947074,619847.8348735837,1657175.8815158312,995247.2377390156,879289.1603893214,1111205.3150887098,995247.2377390156,879289.1603893214,1111205.3150887098,995247.2377390156,879289.1603893214,1111205.3150887098,13.2,12.635718862784834,13.764281137215164
1,11.0,2,10,19.159602908093824,6.850233975566525,31.468971840621123,66.11122802088683,57.808124587216426,74.41433145455723,27.436060786461002,21.63215605933418,33.239965513587826,424413.8417762831,62449.21528003941,786378.4682725267,1709345.2541574396,1417342.66843402,2001347.8398808592,854672.6270787198,708671.33421701,1000673.9199404296,714098.0164184243,533961.123995746,894234.9088411026,24.7,23.74321478103839,25.65678521896161
1,11.0,3,10,8.688529433968341,2.504094922297127,14.872963945639555,76.58230149501232,62.01802457531534,91.1465784147093,10.471073474125484,3.5276791624854846,17.414467785765485,144542.3070591405,-38158.903190585086,327243.5173088661,1989216.7888745826,1514096.853821377,2464336.723927788,663072.2629581941,504698.9512737923,821445.574642596,279871.5347171426,80805.42805320938,478937.6413810758,35.8,34.74432665736084,36.85567334263916
1,11.0,4,10,5.2412082784448515,4.172476152485885,6.309940404403818,80.0296226505358,61.511787490793566,98.54745781027803,3.4473211555234906,-1.6984128986351408,8.593055209682122,49168.10150933693,17501.947585576174,80834.25543309769,2084590.994424386,1486632.2990149693,2682549.6898338026,521147.7486060965,371658.0747537423,670637.4224584507,95374.20554980359,-56297.04262185906,247045.45372146624,44.9,43.03915514624186,46.76084485375814
1,11.0,5,10,4.489288648320217,4.2101395055228625,4.768437791117572,80.78154228066043,61.59942845748426,99.9636561038366,0.7519196301246347,-0.0742422777292504,1.5780815379785198,29639.28886827152,21108.222458870114,38170.35527767293,2104119.8070654515,1486010.7519809217,2722228.8621499813,420823.9614130903,297202.1503961843,544445.7724299963,19528.812641065404,-4411.007201667886,43468.63248379869,52.1,48.98274341680925,55.21725658319075
1,11.0,6,10,4.1951634377123215,4.0318141339539295,4.358512741470713,81.07566749126833,61.787653236333874,100.36368174620279,0.2941252106078949,0.14843716802379692,0.43981325319199294,22698.239274328902,17734.285720135547,27662.192828522257,2111060.856659394,1489699.506468625,2732422.2068501636,351843.476109899,248283.25107810413,455403.70114169386,6941.049593942618,2992.5572072572604,10889.541980627975,58.0,54.56099199368733,61.43900800631267
1,12.0,0,10,102.94725681666141,86.71613252651125,119.17838110681157,0.0,0.0,0.0,,,,2827684.3334983396,2208249.023970519,3447119.64302616,0.0,0.0,0.0,,,,,,,0.0,0.0,0.0
1,12.0,1,10,62.94873283904936,48.161082560804076,77.73638311729465,39.99852397761204,38.10576791510052,41.891280040123554,39.99852397761204,38.10576791510052,41.891280040123554,1701943.5677823934,1179702.0014612132,2224185.1341035734,1125740.7657159462,1020991.8013713668,1230489.7300605257,1125740.7657159462,1020991.8013713668,1230489.7300605257,1125740.7657159462,1020991.8013713668,1230489.7300605257,13.7,13.217170888066816,14.182829111933183
1,12.0,2,10,31.805075429621418,19.126858003267785,44.48329285597505,71.14218138704,67.00886603798507,75.27549673609492,31.143657409427952,28.412358836626762,33.87495598222914,823592.000286878,402277.8722658459,1244906.1283079102,2004092.3332114618,1793990.8678779802,2214193.7985449433,1002046.1666057309,896995.4339389901,1107096.8992724717,878351.5674955153,765463.202444779,991239.9325462517,25.4,24.434341776133632,26.365658223866365
1,12.0,3,10,12.106440351095879,4.102132390519261,20.110748311672495,90.84081646556554,80.88394622542312,100.79768670570796,19.698635078525538,13.7784868454821,25.618783311568976,258941.46850528815,-2826.5109833012684,520709.4479938776,2568742.8649930516,2169183.704362223,2968302.0256238803,856247.6216643505,723061.2347874076,989434.0085412934,564650.5317815898,373344.3511876489,755956.7123755307,36.3,35.62135285116054,36.97864714883946
1,12.0,4,10,6.507364543923879,3.0085714086219113,10.006157679225847,96.43989227273754,82.96363808066486,109.91614646481021,5.599075807172,0.9898900962349613,10.20826151810904,93890.51585492925,-19848.788689452776,207629.82039931128,2733793.8176434105,2208908.152080508,3258679.483206313,683448.4544108526,552227.038020127,814669.8708015783,165050.9526503589,14362.71318288325,315739.1921178346,47.9,47.1886284002805,48.6113715997195
1,12.0,5,10,4.65813106241636,4.0470304210248225,5.269231703807898,98.28912575424505,82.59800675324207,113.98024475524802,1.8492334815075189,-1.0819383128838094,4.780405275898847,37807.04394925492,17911.771603860252,57702.31629464959,2789877.289549085,2188599.92892694,3391154.6501712296,557975.457909817,437719.985785388,678230.9300342461,56083.47190567432,-38726.922289849404,150893.86610119804,56.4,54.64126272068586,58.15873727931414
1,12.0,6,10,4.213732013379972,4.038853516485196,4.388610510274748,98.73352480328144,82.60147185709039,114.8655777494725,0.44439904903638805,-0.06583698990419828,0.9546350879769744,25362.055991734615,19900.455510258256,30823.656473210973,2802322.277506605,2187076.1787610287,3417568.376252181,467053.71291776747,364512.6964601714,569594.7293753634,12444.987957520305,-3486.4074884813035,28376.38340352191,62.9,59.64008579704357,66.15991420295643
2,0.5,0,10,6.3782142718448895,3.543474545883068,9.21295399780671,0.0,0.0,0.0,,,,5446.288565058503,-1243.1036988912138,12135.680829008219,0.0,0.0,0.0,,,,,,,0.0,0.0,0.0
2,0.5,1,10,5.638247176897359,3.615448160600475,7.661046193194243,0.7399670949475318,-0.24061576798549533,1.720549957880559,0.7399670949475318,-0.24061576798549533,1.720549957880559,4029.7389384797953,-570.992969558587,8630.470846518177,1416.5496265787083,-873.1500348695004,3706.249288026917,1416.5496265787083,-873.1500348695004,3706.249288026917,1416.5496265787083,-873.1500348695004,3706.249288026917,0.8,0.4983790449602394,1.1016209550397607
2,0.5,2,10,5.110405362526717,3.547037538344883,6.6737731867085515,1.2678089093181724,-0.17233439176070475,2.7079522103970497,0.5278418143706407,-0.13870317268328336,1.1943868014245647,2942.4476167423236,-504.94830182099304,6389.84353530564,2503.840948316179,-807.6858605715997,5815.367757203958,1251.9204741580895,-403.84293028579987,2907.683878601979,1087.2913217374712,-358.3987985112044,2532.981441986147,1.4,0.7967580899204786,2.003241910079521
2,0.5,3,10,4.887206177350471,3.6775244888494356,6.096887865851507,1.4910080944944193,-0.3529964579769722,3.3350126469658106,0.22319918517624682,-0.23094749558552596,0.6773458659380196,2433.9320708102036,-71.16596032457937,4939.030101944987,3012.3564942482994,-1258.740324376246,7283.453312872845,1004.1188314160996,-419.58010812541545,2427.817770957615,508.5155459321203,-530.6087938075751,1547.6398856718156,1.9,0.9795617593591116,2.8204382406408883
2,0.5,4,10,4.675210201450281,3.7153918303725098,5.635028572528053,1.7030040703946088,-0.6174739046606015,4.0234820454498195,0.21199597590018954,-0.31981441396801674,0.7438063657683958,1959.9475174104887,249.0941713203672,3670.80086350061,3486.341047648015,-1859.1114836155639,8831.793578911595,871.5852619120037,-464.77787090389097,2207.9483947278986,473.98455339971497,-695.9132551666576,1643.8823619660875,2.3,1.0817910858691866,3.5182089141308133
2,0.5,5,10,4.630728614493802,3.693754152132962,5.567703076854642,1.7474856573510875,-0.6674898112352352,4.16246112593741,0.044481586956479094,-0.058093136505605394,0.1470563104185636,1853.1917087149388,254.65959498600728,3451.7238224438706,3593.096856343564,-1983.1698741785362,9169.363586865664,718.6193712687128,-396.63397483570736,1833.8727173731331,106.7558086955496,-139.42352761345262,352.9351450045518,2.6,1.1223651288432805,4.07763487115672
2,0.5,6,10,4.604409915216692,3.6629931301797756,5.545826700253609,1.773804356628198,-0.7594227092865802,4.307031422542976,0.02631869927711013,-0.11026759289461137,0.16290499144883164,1797.498749085639,239.76905736327694,3355.2284408080013,3648.789815972864,-2161.223265212042,9458.80289715777,608.1316359954774,-360.2038775353403,1576.467149526295,55.69295962929977,-207.76306423457936,319.1489834931789,2.8,1.1206455954468642,4.479354404553136
2,1.0,0,10,6.402625086165467,4.760481832856031,8.044768339474903,0.0,0.0,0.0,,,,7111.318128640659,2078.92942646974,12143.706830811578,0.0,0.0,0.0,,,,,,,0.0,0.0,0.0
2,1.0,1,10,5.513845220042707,4.244397362270785,6.783293077814628,0.8887798661227608,0.27380444874464605,1.5037552835008756,0.8887798661227608,0.27380444874464605,1.5037552835008756,5148.354318551008,1730.646087684565,8566.062549417451,1962.9638100896495,-7.068251142493182,3932.995871321792,1962.9638100896495,-7.068251142493182,3932.995871321792,1962.9638100896495,-7.068251142493182,3932.995871321792,1.5,1.1229738062002992,1.8770261937997008
2,1.0,2,10,4.829242774904143,3.9584137891047706,5.7000717607035165,1.5733823112613243,0.7063066899198993,2.440457932602749,0.6846024451385637,0.21462420483364347,1.154580685443484,3475.7829170023374,1204.2993748787603,5747.2664591259145,3635.535211638321,790.6856041156911,6480.38481916095,1817.7676058191605,395.3428020578456,3240.192409580475,1672.571401548672,369.4191188014461,2975.723684295898,2.5,1.8920635295453705,3.1079364704546295
2,1.0,3,10,4.461762777928091,3.7233131168913927,5.2002124389647895,1.9408623082373757,0.9175720184760183,2.964152597998733,0.3674799969760515,0.12477982890713069,0.6101801650449723,2727.821398883254,860.4486120947774,4595.19418567173,4383.496729757405,1094.393881105722,7672.599578409088,1461.1655765858018,364.79796036857374,2557.53319280303,747.9615181190836,185.38092362523264,1310.5421126129345,3.1,2.3886284002805014,3.811371599719499
2,1.0,4,10,4.23921936732131,3.5744134423114797,4.90402529233114,2.1634057188441576,1.0021633257825604,3.3246481119057547,0.2225434106067814,-0.008549764842454483,0.4536365860560173,2278.8139765234914,648.7640155615188,3908.863937485464,4832.504152117168,1173.328730315921,8491.679573918414,1208.126038029292,293.3321825789802,2122.9198934796036,449.0074223597625,-79.04228250747383,977.0571272269988,3.8,2.7996364632244584,4.800363536775541
2,1.0,5,10,4.165518339148077,3.4879715281022685,4.843065150193886,2.23710674701739,0.9870803903955356,3.4871331036392443,0.07370102817323261,-0.05553953591151155,0.20294159225797676,2124.939380169886,518.3716955300974,3731.507064809675,4986.378748470774,1121.9060369935187,8850.85145994803,997.2757496941546,224.38120739870374,1770.1702919896054,153.8745963536052,-136.9229263025791,444.6721190097895,4.5,3.1831041195693217,5.816895880430678
2,1.0,6,10,4.133397442360845,3.466931870025871,4.79986301469582,2.2692276438046224,0.9551853894929212,3.5832698981163236,0.03212089678723231,-0.046329200876300096,0.11057099445076471,2041.7048470988266,484.07696465885033,3599.3327295388026,5069.613281541833,1026.3071798517967,9112.91938323187,844.9355469236386,171.05119664196593,1518.8198972053115,83.23453307105993,-122.48778226951171,288.95684841163154,5.1,3.4669933970690625,6.733006602930937
2,2.0,0,10,7.544635977079045,5.634450757367476,9.454821196790615,0.0,0.0,0.0,,,,17783.40193361924,8661.713920929535,26905.089946308944,0.0,0.0,0.0,,,,,,,0.0,0.0,0.0
2,2.0,1,10,6.3763115928931615,5.203705963697205,7.548917222089118,1.168324384185884,0.36668788823861953,1.9699608801331483,1.168324384185884,0.36668788823861953,1.9699608801331483,12646.378180955773,6912.173393888735,18380.582968022813,5137.023752663467,1448.0153081414278,8826.032197185506,5137.023752663467,1448.0153081414278,8826.032197185506,5137.023752663467,1448.0153081414278,8826.032197185506,2.7,2.354449785586356,3.045550214413644
2,2.0,2,10,5.770125069820105,4.945184960951432,6.595065178688779,1.77451090725894,0.623211366558418,2.9258104479594618,0.606186523073056,0.13407018857866704,1.078302857567445,9902.546908826427,5898.217656794213,13906.876160858641,7880.855024792814,2496.7614267286453,13264.948622856984,3940.427512396407,1248.3807133643227,6632.474311428492,2743.8312721293464,547.0111012904963,4940.6514429681965,4.9,4.273637044327646,5.526362955672354
2,2.0,3,10,5.284964510675716,4.759168625586627,5.810760395764806,2.259671466403328,0.8304825956560911,3.688860337150565,0.485160559144388,0.06743316155989926,0.9028879567288768,7941.449453868476,5180.104545306829,10702.794362430122,9841.952479750767,3257.5065392699935,16426.39842023154,3280.6508265835896,1085.8355130899981,5475.466140077181,1961.0974549579532,198.03749350667704,3724.1574164092294,6.7,5.942186729281677,7.457813270718323
2,2.0,4,10,5.044152139852798,4.528314214161708,5.5599900655438885,2.5004838372262475,0.9910674067036291,4.009900267748866,0.2408123708229196,0.029476137039848804,0.4521486046059904,6916.271106533534,4343.047792047883,9489.494421019186,10867.130827085708,3938.779597232331,17795.482056939087,2716.782706771427,984.6948993080828,4448.870514234772,1025.1783473349406,68.83909068625144,1981.5176039836297,8.3,7.4046123998097,9.195387600190301
2,2.0,5,10,4.779727465775897,4.35355748641986,5.205897445131934,2.7649085113031484,1.121664767075337,4.408152255530959,0.2644246740769007,0.08031553831584201,0.4485338098379593,5877.142162055499,3864.429235197621,7889.855088913378,11906.259771563742,4391.12749292934,19421.392050198145,2381.2519543127482,878.2254985858679,3884.2784100396284,1039.1289444780336,221.24501011093503,1857.0128788451323,9.9,8.574496865328088,11.225503134671913
2,2.0,6,10,4.657684433186724,4.242149724856852,5.073219141516597,2.8869515438923212,1.1772715922697843,4.596631495514858,0.122043032589173,0.01966265878187544,0.22442340639647057,5399.043089198195,3517.6513886439234,7280.434789752467,12384.358844421047,4608.719490821944,20159.99819802015,2064.0598074035074,768.1199151369904,3359.9996996700247,478.09907285730407,69.10565678260554,887.0924889320027,11.0,9.184001371471531,12.815998628528469
2,4.0,0,10,8.705098010865541,5.745122322125162,11.66507369960592,0.0,0.0,0.0,,,,45147.71048961211,10976.338041389587,79319.08293783464,0.0,0.0,0.0,,,,,,,0.0,0.0,0.0
2,4.0,1,10,6.7764901208228,5.271980907588361,8.280999334057238,1.9286078900427417,0.4001747281744368,3.4570410519110464,1.9286078900427417,0.4001747281744368,3.4570410519110464,28089.74363247985,10993.312367871633,45186.17489708807,17057.966857132265,-486.48816563891523,34602.42187990344,17057.966857132265,-486.48816563891523,34602.42187990344,17057.966857132265,-486.48816563891523,34602.42187990344,5.0,4.662777520546344,5.337222479453656
2,4.0,2,10,5.788901602780237,5.023554445291792,6.554248760268683,2.9161964080853044,0.6041784289651013,5.228214387205508,0.9875885180425626,0.1815511173082761,1.7936259187768493,19405.153677988917,10764.17797904008,28046.129376937755,25742.556811623195,-571.1262169825786,52056.23984022897,12871.278405811598,-285.5631084912893,26028.119920114485,8684.58995449093,-197.90601527356012,17567.08592425542,8.8,8.235718862784836,9.364281137215166
2,4.0,3,10,5.257131340651694,4.796183455329805,5.718079225973582,3.447966670213847,0.7740430162548178,6.121890324172877,0.5317702621285431,0.14910520125922516,0.914435322997861,14915.6542428274,9928.023751871431,19903.28473378337,30232.056246784712,-48.19159066757129,60512.304084236996,10077.35208226157,-16.063863555858916,20170.768028079,4489.499435161517,399.8551816985155,8579.143688624517,12.6,11.522997768517405,13.677002231482595
2,4.0,4,10,4.931193707805413,4.575779723754207,5.286607691856619,3.773904303060128,1.0267379456129349,6.521070660507322,0.325937632846281,0.1675975832608648,0.4842776824316972,12441.852309573324,8607.146279570676,16276.558339575971,32705.858180038787,1592.7825290542605,63818.933831023314,8176.464545009697,398.19563226356513,15954.733457755829,2473.8019332540753,1115.2078476810766,3832.396018827074,15.3,13.991768002315524,16.608231997684477
2,4.0,5,10,4.7057607722010415,4.447875507819395,4.963646036582688,3.9993372386644985,1.1775403956976032,6.821134081631394,0.22543293560437042,0.08274102547436005,0.36812484573438076,10718.574011879293,7971.7905982816155,13465.35742547697,34429.13647773282,2475.221672379441,66383.0512830862,6885.827295546564,495.0443344758869,13276.610256617241,1723.2782976940318,471.3179592350109,2975.2386361530525,17.7,15.978843421735515,19.421156578264483
2,4.0,6,10,4.582111790400562,4.290453750728668,4.873769830072456,4.122986220464979,1.2613920463445867,6.984580394585371,0.12364898180048015,0.0334034929122419,0.2138944706887184,9805.56027564473,7240.508059219013,12370.612492070446,35342.15021396738,2918.998759727536,67765.30166820723,5890.358368994564,486.49979328792233,11294.216944701206,913.0137362345629,201.98009610981887,1624.0473763593068,19.2,17.520645595446865,20.879354404553133
2,5.0,0,10,9.296901409896776,4.6424798185230545,13.951323001270499,0.0,0.0,0.0,,,,63374.22117042689,1570.422796598912,125178.01954425487,0.0,0.0,0.0,,,,,,,0.0,0.0,0.0
2,5.0,1,10,6.728888285804731,5.417359619459877,8.040416952149586,2.5680131240920434,-0.9404438935689625,6.076470141753049,2.5680131240920434,-0.9404438935689625,6.076470141753049,33257.41114139456,16121.405155463312,50393.4171273258,30116.810029032342,-15960.937053312897,76194.55711137758,30116.810029032342,-15960.937053312897,76194.55711137758,30116.810029032342,-15960.937053312897,76194.55711137758,6.0,5.523095396019557,6.476904603980443
2,5.0,2,10,5.895976023896558,5.118607217735068,6.673344830058047,3.4009253860002175,-0.637258988775347,7.439109760775782,0.8329122619081737,0.2680020064964229,1.3978225173199244,24628.999971097168,14614.571918165519,34643.42802402882,38745.221199329724,-14324.026955645895,91814.46935430534,19372.610599664862,-7162.013477822948,45907.23467715267,8628.411170297375,1302.5270721818424,15954.295268412909,10.8,10.06118256442164,11.53881743557836
2,5.0,3,10,5.273924867043397,4.819438537488352,5.728411196598442,4.022976542853377,-0.3979691194667856,8.44392220517354,0.62205115685316,0.20306449487817563,1.0410378188281444,18616.493899359088,12836.290072570555,24396.69772614762,44757.7272710678,-13117.074089883965,102632.52863201956,14919.24242368927,-4372.358029961324,34210.84287733986,6012.506071738083,998.3745544629228,11026.637589013244,15.6,14.285264737727458,16.91473526227254
2,5.0,4,10,4.856861279398546,4.595096987776771,5.1186255710203215,4.440040130498231,-0.17202706149367586,9.052107322490137,0.4170635876448522,0.14257057065461592,0.6915566046350885,14447.201793451066,11208.544620692614,17685.85896620952,48927.01937697583,-11258.615462311878,109112.65421626355,12231.754844243958,-2814.6538655779696,27278.163554065886,4169.292105908024,1103.844299455331,7234.739912360716,19.2,17.554851916864884,20.845148083135115
2,5.0,5,10,4.716782214815284,4.456140063582077,4.977424366048491,4.580119195081492,-0.07894138922092697,9.23917977938391,0.14007906458326191,0.00849343443491174,0.2716646947316121,13211.205894143623,10280.075839749285,16142.33594853796,50163.01527628327,-10681.4940093095,111007.52456187605,10032.603055256655,-2136.298801861896,22201.504912375207,1235.9958993074438,-57.61674562346707,2529.6085442383546,21.7,19.732226646157113,23.667773353842886
2,5.0,6,10,4.596145510641952,4.37096666126519,4.821324360018713,4.700755899254824,0.06435753749972317,9.337154261009925,0.12063670417333272,0.05200345535753245,0.189269952989133,12208.68745017637,9624.062480142664,14793.312420210077,51165.533720250525,-9461.078344449248,111792.14578495029,8527.588953375087,-1576.8463907415426,18632.024297491716,1002.5184439672503,361.76751102117873,1643.2693769133218,24.0,21.454026112273404,26.545973887726596
2,6.0,0,10,11.42538124764223,3.2955462436621232,19.555216251622337,0.0,0.0,0.0,,,,102978.64748000848,-19468.505288888104,225425.80024890509,0.0,0.0,0.0,,,,,,,0.0,0.0,0.0
2,6.0,1,10,7.087039792507829,4.7220048589362245,9.452074726079434,4.3383414551344,-1.4646994085737326,10.141382318842533,4.3383414551344,-1.4646994085737326,10.141382318842533,44346.71865357236,8566.640042938794,80126.79726420593,58631.928826436124,-28359.968810933147,145623.8264638054,58631.928826436124,-28359.968810933147,145623.8264638054,58631.928826436124,-28359.968810933147,145623.8264638054,6.9,6.273637044327646,7.526362955672354
2,6.0,2,10,5.537082199847504,4.869585968738254,6.2045784309567535,5.888299047794726,-1.7889857464929744,13.565583842082427,1.5499575926603257,-0.3346952787858024,3.434610464106454,24570.26853173789,14851.91304713937,34288.62401633641,78408.37894827059,-36659.12600487516,193475.88390141632,39204.189474135295,-18329.56300243758,96737.94195070816,19776.450121834467,-8386.526447230415,47939.426690899345,12.6,11.760322797723433,13.439677202276567
2,6.0,3,10,5.1189139188341,4.65657222806087,5.5812556096073305,6.3064673288081305,-1.519974077357448,14.132908734973709,0.4181682810134036,0.1738990206735036,0.6624375413533036,19888.29731505276,13102.778531531429,26673.816098574094,83090.35016495571,-34100.028175916625,200280.72850582807,27696.783388318574,-11366.676058638863,66760.242835276,4681.9712166851305,1455.4912791891138,7908.451154181147,17.9,16.53227284860103,19.26772715139897
2,6.0,4,10,4.773175014925288,4.457682436045508,5.088667593805067,6.6522062327169404,-1.3596741967056758,14.664086662139557,0.3457389039088111,0.127739428942244,0.5637383788753783,16050.88215336054,11574.745530861017,20527.018775860066,86927.76532664793,-32919.703794931644,206775.2344482275,21731.941331661983,-8229.925948732911,51693.80861205688,3837.4151616922186,935.3127599747895,6739.517563409648,22.1,20.064058553481615,24.135941446518387
2,6.0,5,10,4.586903381456633,4.319898920594271,4.8539078423189945,6.838477866185597,-1.244332194211033,14.921287926582227,0.18627163346865633,0.07478856677534719,0.2977547001619655,14113.564504583726,10587.804038797414,17639.32497037004,88865.08297542474,-31963.417054763704,209693.58300561318,17773.01659508495,-6392.683410952737,41938.716601122636,1937.3176487768178,624.4425587959829,3250.1927387576525,24.8,22.64599553703481,26.95400446296519
2,6.0,6,10,4.547085074072024,4.2913180351839335,4.802852112960115,6.878296173570208,-1.214801803299558,14.971394150439973,0.03981830738460897,0.003260197757861412,0.07637641701135653,13705.387582347492,10426.2480988785,16984.527065816485,89273.259897661,-31709.483794613596,210256.0035899356,14878.876649610165,-5284.913965768936,35042.667264989264,408.17692223623374,10.645708596845395,805.708135875622,27.4,24.57456660925252,30.225433390747476
2,8.0,0,10,24.79410922233506,14.734702845818969,34.853515598851146,0.0,0.0,0.0,,,,334052.2420826457,132496.62257517938,535607.8615901121,0.0,0.0,0.0,,,,,,,0.0,0.0,0.0
2,8.0,1,10,8.816647378806664,3.2396106424880937,14.393684115125234,15.977461843528392,10.829727413656126,21.125196273400658,15.977461843528392,10.829727413656126,21.125196273400658,88639.1385776959,-19269.07877926115,196547.35593465297,245413.10350494977,144773.85518015202,346052.35182974755,245413.10350494977,144773.85518015202,346052.35182974755,245413.10350494977,144773.85518015202,346052.35182974755,9.7,8.685526266543935,10.714473733456064
2,8.0,2,10,5.707693875399329,4.599955810658806,6.8154319401398515,19.08641534693573,9.98712972376827,28.18570097010319,3.108953503407335,-1.4251667699197519,7.643073776734422,35031.770172441014,13396.635342759808,56666.90500212222,299020.4719102046,117762.6822621891,480278.26155822014,149510.2359551023,58881.34113109455,240139.13077911007,53607.36840525489,-33346.01610411001,140560.7529146198,16.9,15.039155146241862,18.760844853758137
2,8.0,3,10,5.034629372511406,4.484349236516514,5.584909508506299,19.759479849823652,10.091552863057162,29.427406836590144,0.6730645028879232,0.06586002241478561,1.2802689833610608,24577.534492050338,14261.087147111193,34893.98183698948,309474.70759059535,116805.39114393419,502144.0240372565,103158.23586353178,38935.13038131139,167381.34134575218,10454.23568039068,-1354.1166950596635,22262.588055841024,23.2,21.328491191582245,25.071508808417754
2,8.0,4,10,4.665833249318592,4.3384729201049375,4.993193578532246,20.128275973016464,10.233400789698374,30.023151156334556,0.3687961231928144,0.10518303421492287,0.6324092121707059,19274.57937458624,13343.978211109927,25205.180538062552,314777.66270805954,117741.1002891183,511814.22512700077,78694.41567701488,29435.275072279575,127953.55628175019,5302.9551174641,613.8758609198585,9992.03437400834,28.3,26.303540390405317,30.296459609594685
2,8.0,5,10,4.558457850878511,4.306927368674692,4.809988333082331,20.235651371456548,10.251160199658601,30.220142543254497,0.10737539844007973,-0.00451600957007664,0.2192668064502361,17720.01541062305,13365.403328403037,22074.627492843065,316332.2266720226,117650.60267385686,515013.8506701883,63266.44533440452,23530.12053477137,103002.77013403767,1554.5639639631847,-290.0633176335798,3399.1912455599495,32.1,29.801685926567025,34.39831407343298
2,8.0,6,10,4.526379436296402,4.30885345066006,4.743905421932744,20.267729786038654,10.220089309250655,30.315370262826654,0.032078414582109714,-0.044758675981720765,0.1089155051459402,17235.949520235055,13762.94589751439,20708.95314295572,316816.2925624106,117078.82752687627,516553.75759794493,52802.71542706843,19513.137921146044,86092.29293299082,484.06589038800064,-703.2732361572854,1671.4050169332868,35.1,32.49988565855742,37.700114341442585
2,10.0,0,10,14.972247437167539,4.165162634230237,25.779332240104843,0.0,0.0,0.0,,,,219496.02042321558,-6182.148619892192,445174.18946632335,0.0,0.0,0.0,,,,,,,0.0,0.0,0.0
2,10.0,1,10,7.170132518950699,3.540807474461698,10.7994575634397,7.802114918216842,0.45267917053941,15.151550665894273,7.802114918216842,0.45267917053941,15.151550665894273,70351.62789178126,-5632.487316775834,146335.74310033835,149144.3925314343,-3241.259551104915,301530.0446139735,149144.3925314343,-3241.259551104915,301530.0446139735,149144.3925314343,-3241.259551104915,301530.0446139735,10.2,9.635718862784834,10.764281137215164
2,10.0,2,10,5.115958939705226,4.521291755530775,5.710626123879677,9.856288497462314,-0.5276628525792386,20.240239847503865,2.054173579245473,-1.1513355110289556,5.2596826695199015,30608.313591662463,18877.021729465836,42339.60545385909,188887.7068315531,-27501.13604061064,405276.5497037169,94443.85341577655,-13750.56802030532,202638.27485185844,39743.31430011881,-26986.19374675613,106472.82234699375,19.0,17.738229018766003,20.261770981233997
2,10.0,3,10,4.616028327415667,4.3350259384220164,4.897030716409318,10.356219109751873,-0.4196586412216625,21.132096860725408,0.4999306122895583,0.06395578220510767,0.935905442374009,21830.948393908548,16960.7104645862,26701.186323230897,197665.07202930708,-26597.929444066685,421928.07350268087,65888.35734310235,-8865.976481355552,140642.69116756026,8777.365197753916,228.0543295430416,17326.67606596479,25.2,23.268683552267266,27.131316447732733
2,10.0,4,10,4.478306409227033,4.251282742059743,4.705330076394322,10.493941027940506,-0.2937601639177103,21.281642219798723,0.13772191818863327,0.05877979052669546,0.21666404585057109,19680.42466791739,15815.250883700664,23545.598452134112,199815.59575529819,-24636.261936810362,424267.45344740676,49953.898938824546,-6159.065484202591,106066.86336185169,2150.5237259911564,836.8169114950967,3464.230540487216,30.3,28.165885200841505,32.43411479915849
2,10.0,5,10,4.408206718430528,4.182155254090451,4.634258182770606,10.564040718737012,-0.23343484640339085,21.361516283877414,0.07009969079650542,0.04094722855353798,0.09925215303947287,18652.20754213747,14900.568599501541,22403.846484773396,200843.81288107813,-23787.574249395315,425475.2000115516,40168.762576215624,-4757.514849879066,85095.04000231031,1028.2171257799268,558.400157105393,1498.0340944544607,33.7,31.267085290485145,36.132914709514864
2,10.0,6,10,4.323338661246103,4.150794357207378,4.495882965284828,10.648908775921438,-0.19259435340675068,21.490411905249626,0.08486805718442607,-0.016860387158738874,0.186596501527591,17327.41651690789,14596.040620896338,20058.792412919447,202168.6039063077,-23214.192763122584,427551.40057573793,33694.767317717946,-3869.032127187107,71258.566762623,1324.791025229571,-279.96556266028233,2929.5476131194246,36.9,34.171830541834204,39.62816945816579
2,11.0,0,10,14.398237498065237,3.3624879693092744,25.4339870268212,0.0,0.0,0.0,,,,234370.88123496668,-20823.233098115423,489564.9955680488,0.0,0.0,0.0,,,,,,,0.0,0.0,0.0
2,11.0,1,10,7.144619876175359,2.996329831610156,11.292909920740563,7.253617621889878,-0.14554865897790936,14.652783902757665,7.253617621889878,-0.14554865897790936,14.652783902757665,79235.96418559187,-17875.429858025804,176347.35822920955,155134.9170493748,-12900.967737956089,323170.8018367057,155134.9170493748,-12900.967737956089,323170.8018367057,155134.9170493748,-12900.967737956089,323170.8018367057,11.1,10.388628400280501,11.811371599719498
2,11.0,2,10,5.04310814476758,4.461945678697504,5.624270610837657,9.355129353297658,-1.159183894312056,19.86944260090737,2.101511731407779,-1.4886506287914494,5.691674091607007,33178.97367177224,19030.40393755294,47327.54340599154,201191.90756319446,-40875.642905974964,443259.4580323639,100595.95378159723,-20437.821452987482,221629.72901618195,46056.99051381963,-37314.92005652997,129428.90108416924,19.7,18.15281385617026,21.24718614382974
2,11.0,3,10,4.549628096918173,4.358302362450413,4.740953831385934,9.848609401147062,-1.0571476333844707,20.754366435678595,0.49348004784940674,0.07254848851179413,0.9144116071870194,23461.840428899006,18496.391767732526,28427.289090065486,210909.0408060677,-40300.88981302307,462118.97142515844,70303.01360202256,-13433.629937674355,154039.65714171948,9717.133242873231,29.425866075062004,19404.8406196714,26.1,24.064058553481615,28.135941446518387
2,11.0,4,10,4.3254096297433176,4.166621895051294,4.4841973644353414,10.072827868321918,-0.923639756600453,21.06929549324429,0.22421846717485439,0.09155547052044635,0.35688146382926245,19344.45620222794,16011.439496788795,22677.472907667085,215026.42503273874,-38323.88926098947,468376.7393264669,53756.606258184685,-9580.972315247367,117094.18483161673,4117.384226671069,1376.0405286322707,6858.727924709867,31.2,29.07255641065971,33.32744358934029
2,11.0,5,10,4.254624235171631,4.109040345341017,4.400208125002245,10.143613262893606,-0.9305972449526685,21.21782377073988,0.07078539457168667,-0.019899433404575048,0.1614702225479484,18115.180523105915,15553.679179557257,20676.681866654573,216255.7007118608,-38652.433354763605,471163.8347784852,43251.140142372155,-7730.486670952734,94232.76695569704,1229.2756791220268,-511.0983742745789,2969.6497325186324,35.5,32.97083140409758,38.02916859590242
2,11.0,6,10,4.24922129885704,4.099541175978449,4.398901421735631,10.149016199208198,-0.887928070336482,21.185960468752878,0.0054029363145919,-0.04337778098318103,0.054183653612364824,18113.261262422508,15287.126677438036,20939.39584740698,216257.6199725442,-37967.29149622025,470482.5314413087,36042.936662090695,-6327.881916036698,78413.75524021809,1.9192606834028993,-857.4884842113817,861.3270055781874,38.6,35.85624384411528,41.34375615588472
2,12.0,0,10,22.748610825821014,11.589671541338662,33.90755011030337,0.0,0.0,0.0,,,,445365.75623577985,155758.7712546966,734972.741216863,0.0,0.0,0.0,,,,,,,0.0,0.0,0.0
2,12.0,1,10,7.9342953382659545,2.485856589804654,13.382734086727254,14.814315487555058,8.118180257903658,21.51045071720646,14.814315487555058,8.118180257903658,21.51045071720646,106270.87725735344,-34526.44984921532,247068.20436392218,339094.8789784264,170261.18770428016,507928.57025257265,339094.8789784264,170261.18770428016,507928.57025257265,339094.8789784264,170261.18770428016,507928.57025257265,11.5,10.89206352954537,12.10793647045463
2,12.0,2,10,5.051053426670547,4.4404517485589095,5.661655104782185,17.69755739915047,7.050383397830595,28.344731400470344,2.883241911595408,-2.0183463242161865,7.7848301474070025,36400.278965117526,20416.847454303017,52383.710475932035,408965.47727066226,133733.37855530472,684197.5759860198,204482.73863533113,66866.68927765236,342098.7879930099,69870.5982922359,-55968.143311540654,195709.33989601245,20.9,19.412776223085256,22.38722377691474
2,12.0,3,10,4.531959802365286,4.318754805575614,4.745164799154957,18.21665102345573,7.089770490570938,29.34353155634052,0.5190936243052606,-0.006345863480260561,1.044533112090782,25121.941932091246,20472.94909174132,29770.93477244117,420243.8143036886,132617.45422729768,707870.1743800795,140081.27143456286,44205.81807576587,235956.72479335987,11278.337033026284,-2020.9142977395513,24577.58836379212,27.7,25.703540390405315,29.696459609594683
2,12.0,4,10,4.367306299034771,4.223449339950635,4.511163258118907,18.38130452678624,7.213275381162729,29.54933367240975,0.16465350333051454,0.06588261677120762,0.2634243898898215,21902.013529818483,18784.04270878506,25019.984350851908,423463.74270596134,134858.37259970396,712069.1128122187,105865.93567649034,33714.59314992599,178017.27820305468,3219.92840227276,1130.1448047906933,5309.711999754827,33.4,31.158041073373525,35.64195892662647
2,12.0,5,10,4.267963682441966,4.121237121707786,4.414690243176146,18.48064714337905,7.315280381334093,29.646013905424006,0.09934261659280552,0.038306578450461565,0.16037865473514948,20092.15814534954,16983.867460771682,23200.448829927394,425273.59809043026,136719.6461508053,713827.5500300552,85054.71961808605,27343.929230161048,142765.51000601106,1809.8553844689443,720.4837938268431,2899.2269751110452,37.4,35.08320548372827,39.716794516271726
2,12.0,6,10,4.260458293599517,4.100465975627173,4.420450611571861,18.4881525322215,7.318691671989539,29.657613392453456,0.007505388842449445,-0.02301155490777122,0.03802233259267011,19988.17138622148,16745.394657902867,23230.94811454009,425377.5848495583,136775.14563774795,713980.0240613687,70896.26414159304,22795.857606291327,118996.67067689475,103.98675912805993,-457.6401412433445,665.6136594994643,40.7,38.10864765261151,43.2913523473885
3,0.5,0,10,7.0353114106588865,4.4939375599149844,9.576685261402789,0.0,0.0,0.0,,,,5848.628460141398,-675.3175222629534,12372.574442545749,0.0,0.0,0.0,,,,,,,0.0,0.0,0.0
3,0.5,1,10,5.6371812520997375,3.413637087249549,7.860725416949926,1.398130158559149,0.7351052008779442,2.0611551162403536,1.398130158559149,0.7351052008779442,2.0611551162403536,4200.0816907039725,-849.5615103627315,9249.724891770677,1648.5467694374265,135.1737171515697,3161.9198217232833,1648.5467694374265,135.1737171515697,3161.9198217232833,1648.5467694374265,135.1737171515697,3161.9198217232833,0.9,0.6737842837201795,1.1262157162798205
3,0.5,2,10,4.796519555847576,3.202493833469779,6.390545278225373,2.2387918548113097,1.0382708407597425,3.439312868862877,0.8406616962521609,0.02474615884955622,1.6565772336547657,2601.266350434851,-719.1986335328165,5921.731334402519,3247.362109706548,-24.6295869782889,6519.353806391385,1623.681054853274,-12.31479348914445,3259.6769031956924,1598.8153402691214,-268.3870963006382,3466.017776838881,1.7,1.2171708880668164,2.1828291119331835
3,0.5,3,10,4.50674615863581,3.264739139106928,5.748753178164693,2.528565252023076,0.9228482133360429,4.134282290710109,0.2897733972117661,-0.1580730190207304,0.7376198134442626,1954.5934656703903,-404.5187423389575,4313.7056736797385,3894.0349944710083,-324.48981291062364,8112.55980185264,1298.0116648236692,-108.16327097020803,2704.1866006175464,646.6728847644604,-329.8657980063383,1623.211567535259,2.3,1.5421867292816773,3.0578132707183223
3,0.5,4,10,4.324552885734394,3.2691878735926823,5.379917897876106,2.7107585249244917,0.8744773469427156,4.547039702906268,0.18219327290141596,-0.08232516306335769,0.4467117088661896,1545.3294972138322,-219.6101649146417,3310.269159342306,4303.298962927565,-505.64032393936577,9112.238249794496,1075.8247407318913,-126.41008098484144,2278.059562448624,409.26396845655796,-218.11677185014258,1036.6447087632584,2.6,1.6343417761336327,3.565658223866367
3,0.5,5,10,4.128292938421261,3.2341479228019816,5.02243795404054,2.9070184722376258,0.7978404795821503,5.016196464893101,0.19625994731313362,-0.10380006819887388,0.4963199628251411,1161.7902213756627,-78.76493137247121,2402.3453741237963,4686.838238765737,-682.7165592681476,10056.393036799622,937.3676477531473,-136.5433118536297,2011.278607359924,383.53927583816966,-201.99725025118272,969.075801927522,2.9,1.6632621301474901,4.13673786985251
3,0.5,6,10,4.06225552694741,3.2329257645024794,4.8915852893923395,2.9730558837114764,0.7387531956667646,5.207358571756188,0.06603741147385082,-0.08624513246302822,0.21831995541072985,1025.522656060643,54.34414718957612,1996.7011649317096,4823.105804080756,-814.042497393637,10460.254105555148,803.8509673467927,-135.67374956560616,1743.3756842591915,136.26756531501982,-177.96600379561963,450.5011344256593,3.0,1.651110082185375,4.348889917814625
3,1.0,0,10,7.578292483944416,5.729658090280691,9.426926877608143,0.0,0.0,0.0,,,,9782.313197604406,3225.367057614477,16339.259337594336,0.0,0.0,0.0,,,,,,,0.0,0.0,0.0
3,1.0,1,10,5.975586333982356,4.775470556769935,7.175702111194777,1.6027061499620605,0.7365735040813354,2.4688387958427858,1.6027061499620605,0.7365735040813354,2.4688387958427858,6168.466636828872,2459.512397128393,9877.420876529352,3613.8465607755343,656.4399676364005,6571.253153914668,3613.8465607755343,656.4399676364005,6571.253153914668,3613.8465607755343,656.4399676364005,6571.253153914668,1.8,1.4983790449602394,2.1016209550397607
3,1.0,2,10,5.377692253809842,4.246916167001901,6.5084683406177835,2.200600230134575,1.2324463921601003,3.16875406810905,0.5978940801725144,0.395094644890841,0.8006935154541879,4980.006451606471,1742.9295510845627,8217.08335212838,4802.306745997934,1357.992943545948,8246.620548449919,2401.153372998967,678.996471772974,4123.310274224959,1188.4601852224,652.4948453205213,1724.4255251242787,3.0,2.523095396019557,3.476904603980443
3,1.0,3,10,4.817222636242245,3.9915043842514013,5.642940888233088,2.761069847702171,1.5483398412263847,3.9737998541779573,0.5604696175675964,0.1914930265409941,0.9294462085941987,3609.052414692867,1352.5350224902,5865.5698068955335,6173.260782911539,1739.736835100407,10606.78473072267,2057.753594303846,579.9122783668024,3535.5949102408895,1370.9540369136043,312.90767188447944,2429.0004019427292,3.7,3.0213528511605388,4.378647148839462
3,1.0,4,10,4.284533678377917,3.5905049770649877,4.978562379690847,3.293758805566501,1.9881210662946827,4.599396544838319,0.5326889578643295,0.23045243187383663,0.8349254838548223,2502.1317200873264,611.7260576886615,4392.537382485991,7280.181477517079,2410.7994498044027,12149.563505229755,1820.0453693792697,602.6998624511007,3037.3908763074387,1106.9206946055406,462.3487157222763,1751.492673488805,4.4,3.560322797723433,5.239677202276568
3,1.0,5,10,4.029621135684886,3.3809526486668506,4.678289622702922,3.54867134825953,2.148009794953219,4.949332901565841,0.25491254269302954,0.08724003377248607,0.422585051613573,1924.5675427172373,266.7477101626214,3582.387375271853,7857.745654887168,2678.4572328389986,13037.034076935337,1571.5491309774336,535.6914465677999,2607.4068153870676,577.5641773700893,191.87565152683771,963.2527032133409,5.2,4.09177384663246,6.30822615336754
3,1.0,6,10,3.939614384883219,3.3715478785909934,4.507680891175444,3.638678099061198,2.118918337389065,5.158437860733331,0.09000675080166812,-0.03661554703220196,0.2166290486355382,1679.438582509385,255.58729972537594,3103.289865293394,8102.874615095019,2605.1777948415775,13600.571435348462,1350.4791025158368,434.19629914026314,2266.7619058914106,245.1289602078519,-84.5244332861472,574.782353701851,5.8,4.459567155635101,7.140432844364899
3,2.0,0,10,9.032001989047199,6.613583105166786,11.450420872927612,0.0,0.0,0.0,,,,25653.482291035245,12249.407800840547,39057.55678122994,0.0,0.0,0.0,,,,,,,0.0,0.0,0.0
3,2.0,1,10,7.225062025698625,5.705062584440556,8.745061466956694,1.8069399633485712,0.7598399615909937,2.854039965106149,1.8069399633485712,0.7598399615909937,2.854039965106149,16984.387103476853,9175.22865378092,24793.545553172786,8669.095187558396,2380.1795521977565,14958.010822919035,8669.095187558396,2380.1795521977565,14958.010822919035,8669.095187558396,2380.1795521977565,14958.010822919035,2.9,2.6737842837201793,3.1262157162798205
3,2.0,2,10,6.0130157589438,5.058196667541465,6.967834850346134,3.018986230103398,1.433444609289127,4.604527850917669,1.2120462667548269,0.5844605613573697,1.839631972152284,11519.557071671683,6682.715563183086,16356.39858016028,14133.925219363566,4999.6655000057435,23268.184938721388,7066.962609681783,2499.8327500028718,11634.092469360694,5464.83003180517,2194.22556969164,8735.4344939187,5.4,4.89981823161223,5.900181768387771
3,2.0,3,10,5.338764773727138,4.439277019526516,6.238252527927759,3.6932372153200603,2.0154821911302774,5.370992239509843,0.6742509852166619,0.3787653986092094,0.9697365718241144,8608.025120219236,4363.2878884496195,12852.762351988851,17045.45717081601,7217.121074792729,26873.793266839293,5681.81905693867,2405.7070249309086,8957.93108894643,2911.5319514524463,1380.7469590373669,4442.316943867526,7.1,6.473637044327646,7.726362955672354
3,2.0,4,10,4.747084916887216,4.199674622665171,5.294495211109261,4.284917072159981,2.3478256176338554,6.222008526686107,0.5916798568399214,0.13837230711263482,1.044987406567208,6124.757659238889,3534.4925699848113,8715.022748492966,19528.724631796358,8521.926885966479,30535.522377626236,4882.1811579490895,2130.4817214916197,7633.880594406559,2483.267460980348,374.021742367539,4592.5131795931575,8.9,8.188628400280502,9.611371599719499
3,2.0,5,10,4.364283059163631,3.99525813091914,4.733307987408121,4.667718929883566,2.527744864854458,6.807692994912674,0.3828018577235856,0.11770933826845897,0.6478943771787122,4561.042528854863,2764.103956504282,6357.981101205444,21092.439762180387,9214.454458752229,32970.42506560855,4218.487952436076,1842.8908917504436,6594.0850131217085,1563.715130384026,450.7771555460263,2676.6531052220257,10.6,9.695137134880717,11.504862865119282
3,2.0,6,10,4.221276495817946,3.8802381533971144,4.562314838238778,4.810725493229252,2.636966843645534,6.98448414281297,0.14300656334568523,0.03584674321917804,0.25016638347219244,3993.4656829947803,2450.283215160411,5536.648150829149,21660.016608040467,9494.220981581502,33825.81223449943,3610.002768006744,1582.3701635969164,5637.635372416572,567.5768458600829,74.58990933948127,1060.5637823806846,12.1,10.732272848601031,13.467727151398968
3,4.0,0,10,10.861061863942558,6.80100855031533,14.921115177569785,0.0,0.0,0.0,,,,67433.09256425945,17316.15692628135,117550.02820223756,0.0,0.0,0.0,,,,,,,0.0,0.0,0.0
3,4.0,1,10,8.305879089796395,5.920293104079063,10.691465075513728,2.5551827741461617,0.8372937182371147,4.273071830055208,2.5551827741461617,0.8372937182371147,4.273071830055208,43464.754363139626,14294.628256388536,72634.88046989072,23968.338201119834,2796.4088801293983,45140.26752211027,23968.338201119834,2796.4088801293983,45140.26752211027,23968.338201119834,2796.4088801293983,45140.26752211027,4.8,4.347568567440359,5.252431432559641
3,4.0,2,10,6.348740293966938,5.050120436930776,7.647360151003101,4.512321569975619,1.7036918992973846,7.320951240653853,1.9571387958294573,0.8397388305302982,3.0745387611286166,25950.035007791183,10530.180619858571,41369.889395723796,41483.05755646828,6502.768853931411,76463.34625900515,20741.52877823414,3251.3844269657056,38231.673129502575,17514.71935534844,3562.3652327443724,31467.07347795251,9.4,8.708899571172713,10.091100428827287
3,4.0,3,10,5.198100123540171,4.522618666082797,5.873581580997545,5.662961740402387,2.142464857352825,9.183458623451948,1.1506401704267675,0.42609387167141355,1.8751864691821214,15769.165857437853,8464.489559935355,23073.84215494035,51663.92670682161,7941.473320658421,95386.3800929848,17221.308902273868,2647.1577735528044,31795.46003099493,10180.869150353325,1378.8638191192367,18982.874481587412,13.2,12.144326657360837,14.255673342639161
3,4.0,4,10,4.6232168543473735,4.210619332395651,5.035814376299096,6.237845009595183,2.4836557768840906,9.992034242306277,0.5748832691927973,0.28531957987888196,0.8644469585067127,10939.110512599595,6508.193028270352,15370.027996928837,56493.98205165986,10138.318734551765,102849.64536876796,14123.495512914966,2534.5796836379413,25712.41134219199,4830.055344838259,1828.3972499567035,7831.713439719814,16.5,14.80547801242238,18.19452198757762
3,4.0,5,10,4.234086185630346,3.897478448406633,4.570693922854059,6.626975678312211,2.7941450022101257,10.459806354414296,0.3891306687170267,0.2752324241300117,0.5030289133040416,7884.823045832583,4609.963209211339,11159.682882453828,59548.269518426874,12081.13375570764,107015.40528114612,11909.653903685376,2416.2267511415303,21403.08105622922,3054.2874667670103,1739.3044629957606,4369.27047053826,19.1,16.955254426220478,21.244745573779525
3,4.0,6,10,4.052212018104571,3.807220663077976,4.297203373131166,6.808849845837986,2.9347974699661847,10.682902221709787,0.18187416752577593,0.007687505379463999,0.35606082967208785,6466.215966674224,3929.0566674814895,9003.375265866958,60966.87659758523,13062.431768768947,108871.32142640151,10161.14609959754,2177.071961461492,18145.220237733585,1418.6070791583602,105.23770010590647,2731.9764582108137,21.1,18.728628122354763,23.47137187764524
3,5.0,0,10,13.266770173902305,4.7589416636009805,21.77459868420363,0.0,0.0,0.0,,,,114181.02980423567,-6864.209464814019,235226.26907328537,0.0,0.0,0.0,,,,,,,0.0,0.0,0.0
3,5.0,1,10,8.308541538446201,5.273686007459181,11.343397069433221,4.958228635456105,-0.558841750704091,10.475299021616301,4.958228635456105,-0.558841750704091,10.475299021616301,53662.35275181978,10327.531801912497,96997.17370172706,60518.67705241591,-17439.09667313035,138476.45077796216,60518.67705241591,-17439.09667313035,138476.45077796216,60518.67705241591,-17439.09667313035,138476.45077796216,6.3,5.7110662584135135,6.888933741586486
3,5.0,2,10,6.467832717031008,5.123086449434867,7.81257898462715,6.798937456871296,-0.4221369455013919,14.020011859243983,1.8407088214151905,0.12258031344236575,3.558837329388015,32385.30272123498,13410.945596377085,51359.65984609288,81795.72708300067,-20595.720047968527,184187.17421396988,40897.86354150034,-10297.860023984264,92093.58710698494,21277.0500305848,-3247.798872884294,45801.8989340539,11.5,10.531402170478794,12.468597829521206
3,5.0,3,10,5.3959032267966105,4.57685400528103,6.214952448312191,7.870866947105695,0.09701959041967534,15.644714303791714,1.0719294902343997,0.48196555187837375,1.6618934285904254,21264.00695427023,10292.062368875531,32235.95153966493,92917.02284996545,-17711.105605914272,203545.15130584518,30972.34094998848,-5903.701868638091,67848.38376861505,11121.295766964753,2706.3356744036955,19536.25585952581,16.0,14.693942953109216,17.306057046890782
3,5.0,4,10,4.648582803621745,4.222957817610938,5.074207789632553,8.618187370280557,0.4900695410316356,16.74630519952948,0.747320423174864,0.336502562273743,1.158138284075985,13651.9771359521,7924.155070811668,19379.79920109253,100529.05266828358,-15120.459015874614,216178.56435244175,25132.263167070894,-3780.1147539686535,54044.64108811044,7612.029818318125,2209.3473481166848,13014.712288519564,20.3,18.451417848864004,22.148582151135997
3,5.0,5,10,4.182622225893498,3.9363573608166553,4.428887090970341,9.084147948008809,0.7218153513693437,17.446480544648274,0.4659605777282477,0.18268284712102778,0.7492383083354677,9116.917725605006,5971.064193152389,12262.771258057623,105064.11207863067,-13610.221899106924,223738.44605636827,21012.822415726136,-2722.044379821382,44747.68921127365,4535.059410347097,1203.025141755419,7867.093678938774,23.6,21.04956340264741,26.15043659735259
3,5.0,6,10,4.018701476099205,3.804535478326472,4.232867473871937,9.248068697803102,0.8588288756664113,17.637308519939793,0.16392074979429377,0.04810558088105535,0.2797359187075322,7569.162592760338,4960.1227811945155,10178.20240432616,106611.86721147534,-12523.379389059963,225747.11381201065,17768.64453524589,-2087.2298981766544,37624.51896866843,1547.7551328446673,423.7344569416266,2671.7758087477077,26.4,23.456296915542598,29.3437030844574
3,6.0,0,10,17.182604484030698,7.657869441310627,26.70733952675077,0.0,0.0,0.0,,,,183326.21510824573,29594.445804121613,337057.98441236984,0.0,0.0,0.0,,,,,,,0.0,0.0,0.0
3,6.0,1,10,8.83932431341766,5.407713366319534,12.270935260515785,8.343280170613038,2.1149567682703765,14.5716035729557,8.343280170613038,2.1149567682703765,14.5716035729557,69296.35674000044,13745.223066899664,124847.49041310122,114029.8583682453,14475.307900917338,213584.40883557327,114029.8583682453,14475.307900917338,213584.40883557327,114029.8583682453,14475.307900917338,213584.40883557327,7.7,6.8046123998097,8.5953876001903
3,6.0,2,10,6.285491959931709,5.06965248858833,7.501331431275087,10.89711252409899,2.5370051110755885,19.257219937122393,2.5538323534859515,0.24272217720583678,4.864942529766067,35516.33706991357,16040.02288167136,54992.651258155776,147809.87803833216,13078.408346007316,282541.34773065697,73904.93901916608,6539.204173003658,141270.67386532848,33780.01967008686,-3364.988420737791,70925.02776091151,13.8,12.987860723912792,14.612139276087209
3,6.0,3,10,5.139479734132297,4.682165260271786,5.596794207992808,12.043124749898402,2.8902332248793225,21.196016274917483,1.1460122257994123,0.32435704438527657,1.967667407213548,21201.472575613378,13926.188659212501,28476.756492014254,162124.74253263237,14665.877032598917,309583.6080326658,54041.58084421079,4888.6256775329675,103194.53601088861,14314.864494300191,1343.0381939138533,27286.69079468653,19.3,18.035977864467302,20.5640221355327
3,6.0,4,10,4.531402914563968,4.131575692401318,4.931230136726617,12.65120156946673,3.480555108481486,21.821848030451974,0.6080768195683287,0.42899406949346897,0.7871595696431885,14464.938607711572,8480.504762563738,20449.372452859407,168861.27650053415,20695.401585799817,317027.1514152685,42215.31912513354,5173.850396449954,79256.78785381712,6736.53396790181,4470.041152726553,9003.026783077066,24.0,22.062804340957587,25.937195659042413
3,6.0,5,10,4.157295835455889,3.9343789013996764,4.380212769512101,13.02530864857481,3.6828324519298636,22.36778484521976,0.37410707910807994,0.1713040626778145,0.5769100955383454,10235.22757708118,6923.585364712448,13546.869789449911,173090.98753116457,22430.57393259229,323751.40112973686,34618.197506232915,4486.1147865184685,64750.28022594736,4229.71103063039,1428.9014821460482,7030.520579114733,27.8,25.170529475454916,30.429470524545085
3,6.0,6,10,3.9449675640684796,3.7636770110343347,4.1262581171026245,13.237636919962219,3.7765602208735753,22.698713619050864,0.21232827138740845,0.05895338857333601,0.3657031542014809,7880.253992692492,5609.732609353734,10150.77537603125,175445.96111555325,23074.61535133081,327817.3068797757,29240.99351925887,3845.7692252217967,54636.217813295945,2354.9735843886856,354.6846624068455,4355.262506370525,31.0,27.479293952809037,34.52070604719096
3,8.0,0,10,37.56836542036224,26.30831182310198,48.8284190176225,0.0,0.0,0.0,,,,558915.8721937846,314032.77546880883,803798.9689187603,0.0,0.0,0.0,,,,,,,0.0,0.0,0.0
3,8.0,1,10,14.113811400590262,6.75600719440072,21.471615606779803,23.45455401977198,18.678599555249672,28.230508484294287,23.45455401977198,18.678599555249672,28.230508484294287,180539.19028709634,29080.8561891687,331997.524385024,378376.68190668826,275174.1372582241,481579.22655515245,378376.68190668826,275174.1372582241,481579.22655515245,378376.68190668826,275174.1372582241,481579.22655515245,10.9,9.979561759359113,11.820438240640888
3,8.0,2,10,7.636480495651201,4.190477002929496,11.082483988372905,29.931884924711046,21.555942099958294,38.3078277494638,6.477330904939064,2.41501264956928,10.539649160308848,70984.84840249049,698.5575373167812,141271.1392676642,487931.0237912942,306386.35530912003,669475.6922734684,243965.5118956471,153193.17765456002,334737.8461367342,109554.34188460582,26442.2496999008,192666.43406931084,17.9,16.198780270948582,19.601219729051415
3,8.0,3,10,5.357375076505122,4.574142265077142,6.140607887933101,32.21099034385712,21.607258298673138,42.8147223890411,2.2791054191460773,-0.4509151060728369,5.009125944364992,31102.82455976878,15513.760644592301,46691.888474945255,527813.0476340158,297275.54924329586,758350.5460247358,175937.68254467193,99091.84974776529,252783.51534157858,39882.023842721705,-15509.989532450418,95274.03721789383,25.1,23.333198775240543,26.86680122475946
3,8.0,4,10,4.558615482252722,4.188657470689849,4.928573493815595,33.00974993810952,21.99781421920362,44.021685657015425,0.7987595942524,0.2851101285761425,1.3124090599286573,18655.439091097203,12215.705279100834,25095.172903093575,540260.4331026874,300712.13668766315,779808.7295177116,135065.10827567184,75178.03417191579,194952.1823794279,12447.385468671577,2266.1674540146723,22628.60348332848,31.5,29.282265395034003,33.717734604966
3,8.0,5,10,4.156920567086812,3.914292471475086,4.399548662698537,33.41144485327543,22.322611745809404,44.50027796074145,0.4016949151659099,0.25610961323335774,0.5472802170984621,13077.378421937257,8709.48790396451,17445.268939910005,545838.4937718473,304755.1682900805,786921.8192536142,109167.69875436947,60951.0336580161,157384.36385072285,5578.060669159945,3275.465360646455,7880.655977673436,36.8,34.25849665810648,39.341503341893514
3,8.0,6,10,3.918864624649431,3.7658716687099845,4.071857580588878,33.649500795712804,22.446467043905336,44.85253454752027,0.23805594243738065,0.08028805719587626,0.395823827678885,9635.930073027139,7285.61474607415,11986.245399980127,549279.9421207574,305978.640219594,792581.2440219208,91546.65702012624,50996.440036599,132096.87400365347,3441.4483489101176,809.6072646971552,6073.28943312308,40.6,37.05996696745558,44.14003303254442
3,10.0,0,10,29.166875894013504,15.379663889392887,42.95408789863412,0.0,0.0,0.0,,,,512847.4092838115,203178.83601161878,822515.9825560043,0.0,0.0,0.0,,,,,,,0.0,0.0,0.0
3,10.0,1,10,10.147867757945841,3.4718155905603867,16.823919925331296,19.019008136067658,10.800157057489027,27.23785921464629,19.019008136067658,10.800157057489027,27.23785921464629,134798.07047683536,-15061.083832605305,284657.224786276,378049.3388069761,198997.47791600105,557101.1996979511,378049.3388069761,198997.47791600105,557101.1996979511,378049.3388069761,198997.47791600105,557101.1996979511,11.6,11.099818231612229,12.10018176838777
3,10.0,2,10,5.962696533964735,4.66514368799897,7.2602493799304995,23.204179360048766,10.617053205075077,35.79130551502246,4.185171223981103,-1.2520253320440258,9.622367780006233,48840.00132747604,20075.7517881836,77604.25086676849,464007.4079563355,181620.74899294722,746394.0669197238,232003.70397816776,90810.37449647361,373197.0334598619,85958.06914935935,-36035.098942514116,207951.23724123283,21.4,20.434341776133632,22.365658223866365
3,10.0,3,10,4.864845079243046,4.249516475638931,5.480173682847161,24.302030814770458,11.067896258669604,37.53616537087131,1.0978514547216895,0.38682958122142663,1.8088733282219525,28450.101341952814,15062.05635284953,41838.146331056094,484397.30794185866,187306.36101683922,781488.254866878,161465.76931395291,62435.45367227979,260496.08495562605,20389.89998552323,4600.646918312175,36179.153052734284,30.4,29.174809888807,31.625190111192996
3,10.0,4,10,4.249511853748538,3.997900636016575,4.5011230714805,24.917364040264964,11.298622308433702,38.53610577209623,0.6153332254945076,0.19417927119974887,1.0364871797892663,17249.553685196726,12165.589898804272,22333.51747158918,495597.8555986147,190048.30687183555,801147.404325394,123899.46389965368,47512.07671795889,200286.8510813485,11200.547656756085,2166.4584442006235,20234.636869311547,37.6,36.04731110206968,39.152688897930325
3,10.0,5,10,4.0349708212244915,3.8770129492305068,4.192928693218476,25.13190507278901,11.405343108604164,38.858467036973856,0.21454103252404683,0.0894773039279699,0.3396047611201237,13477.058596795303,10521.38496446987,16432.73222912074,499370.3506870161,191552.1740070358,807188.5273669964,99874.07013740324,38310.43480140717,161437.7054733993,3772.495088401425,1253.86954280879,6291.12063399406,43.0,41.033671944445274,44.966328055554726
3,10.0,6,10,3.9088211984919115,3.7943520508168067,4.023290346167016,25.25805469552159,11.481737116118143,39.03437227492503,0.12614962273257987,0.05704753582233542,0.19525170964282434,11394.286935651031,9425.030844562723,13363.543026739339,501453.12234816037,192714.9148127507,810191.3298835701,83575.52039136007,32119.1524687918,135031.88831392833,2082.7716611442697,838.0479031684897,3327.4954191200495,46.7,44.10864765261151,49.2913523473885
3,11.0,0,10,28.360904131228985,14.076151702677395,42.645656559780576,0.0,0.0,0.0,,,,556320.4457919055,203757.50014803896,908883.3914357721,0.0,0.0,0.0,,,,,,,0.0,0.0,0.0
3,11.0,1,10,10.437362490515538,3.4240723348923776,17.4506526461387,17.923541640713445,9.465584434850488,26.381498846576402,17.923541640713445,9.465584434850488,26.381498846576402,157139.70345773437,-17028.817815098475,331308.2247305672,399180.74233417114,196594.6478873196,601766.8367810227,399180.74233417114,196594.6478873196,601766.8367810227,399180.74233417114,196594.6478873196,601766.8367810227,12.1,11.873784283720179,12.32621571627982
3,11.0,2,10,5.755309678269619,4.8131536982228385,6.697465658316399,22.60559445295937,9.166568300981902,36.04462060493684,4.68205281224592,-1.4375682705287822,10.801673895020622,49692.0648978997,25833.136196906038,73550.99359889336,506628.3808940059,176132.57214813022,837124.1896398815,253314.19044700294,88066.28607406511,418562.09481994074,107447.63855983465,-43717.46610814324,258612.74322781255,23.0,22.107793182865038,23.892206817134962
3,11.0,3,10,4.703301827331254,4.406382829806926,5.000220824855582,23.657602303897733,9.589699044292109,37.725505563503354,1.0520078509383652,0.3655699749287393,1.7384457269479912,27799.05704515672,20279.70970643738,35318.404383876055,528521.3887467489,182287.46174852212,874755.3157449757,176173.79624891627,60762.487249507365,291585.10524832516,21893.007852742976,4972.749577767452,38813.266127718496,32.8,31.417799142345423,34.18220085765457
3,11.0,4,10,4.249315995243185,4.103807253569679,4.394824736916691,24.1115881359858,9.836064623276004,38.3871116486956,0.45398583208806864,0.19534843500399546,0.7126232291721418,18961.39588376079,15765.3811799529,22157.41058756868,537359.0499081446,186068.08960440103,888650.0102118882,134339.76247703616,46517.02240110026,222162.50255297206,8837.661161395929,2894.4310102260715,14780.891312565785,40.2,38.12669871351814,42.27330128648187
3,11.0,5,10,4.020483815392568,3.9074885827587487,4.133479048026388,24.34042031583642,10.046768553605247,38.63407207806759,0.22883217985061693,0.15332749796619116,0.3043368617350427,14801.743407442284,12527.009632319521,17076.477182565046,541518.7023844632,189695.40853208443,893341.9962368419,108303.74047689265,37939.08170641691,178668.3992473684,4159.652476318509,2727.9744077932246,5591.330544843793,46.0,43.00270104072669,48.99729895927331
3,11.0,6,10,3.9206910472579763,3.8174669326510946,4.023915161864858,24.44021308397101,10.13826963248018,38.74215653546184,0.0997927681345919,0.06264551603833637,0.13694002023084742,12991.97685738098,11110.023505873472,14873.930208888487,543328.4689345246,191254.35362272093,895402.5842463282,90554.74482242076,31875.725603786806,149233.7640410547,1809.7665500613064,1092.580160959731,2526.9529391628816,49.6,46.15768684347103,53.04231315652897
3,12.0,0,10,39.693431021019705,26.895007394668745,52.491854647370666,0.0,0.0,0.0,,,,874544.0348069187,511538.8345631952,1237549.2350506422,0.0,0.0,0.0,,,,,,,0.0,0.0,0.0
3,12.0,1,10,13.70871028324753,5.504614153480215,21.912806413014845,25.984720737772182,20.0287303349256,31.940711140618763,25.984720737772182,20.0287303349256,31.940711140618763,251951.8795723441,26209.091560039175,477694.66758464905,622592.1552345745,455483.08992364653,789701.2205455024,622592.1552345745,455483.08992364653,789701.2205455024,622592.1552345745,455483.08992364653,789701.2205455024,12.2,11.898379044960238,12.50162095503976
3,12.0,2,10,6.703414702310565,4.132837827366423,9.273991577254707,32.99001631870915,22.25501370353524,43.725018933883064,7.005295580936964,1.1527901990916511,12.857800962782276,79155.34067401389,7828.89595849163,150481.78538953615,795388.6941329048,492969.99319084757,1097807.395074962,397694.3470664524,246484.99659542379,548903.697537481,172796.53889833027,13805.384931421635,331787.6928652389,24.1,23.87378428372018,24.326215716279822
3,12.0,3,10,4.815042945230537,4.195144941967784,5.434940948493291,34.878388075789175,22.594238286116344,47.162537865462006,1.8883717570800278,-0.11312172543223165,3.8898652395922872,33661.12621378717,16883.551280778313,50438.701146796026,840882.9085931315,492768.0121518816,1188997.8050343813,280294.3028643771,164256.00405062718,396332.601678127,45494.21446022672,-9883.254813233238,100871.68373368669,35.5,34.72732623093147,36.27267376906853
3,12.0,4,10,4.223009505780728,4.054467054074681,4.391551957486774,35.47042151523898,22.79790523274831,48.14293779772966,0.5920334394498085,0.10492014552116258,1.0791467333784543,20344.501874889083,15762.171165007392,24926.832584770775,854199.5329320297,495217.91845390236,1213181.1474101571,213549.88323300742,123804.47961347559,303295.2868525393,13316.624338898084,502.0282776635213,26131.220400132646,43.5,41.441837524836664,45.558162475163336
3,12.0,5,10,4.001917132102355,3.8868501497572208,4.116984114447488,35.691513888917356,22.92187147651863,48.46115630131608,0.22109237367837403,0.11440495574048341,0.32777979161626464,15800.689654197467,13146.238074118246,18455.14123427669,858743.3451527212,497374.59361532534,1220112.096690117,171748.66903054423,99474.91872306507,244022.4193380234,4543.812220691616,2005.2275906399882,7082.396850743244,49.4,46.65624384411528,52.14375615588472
3,12.0,6,10,3.8980099319279176,3.7970351450096844,3.9989847188461507,35.79542108909179,22.96900273483292,48.62183944335066,0.10390720017443593,0.025850446262354596,0.18196395408651728,13722.729754597673,11696.550713376128,15748.908795819218,860821.3050523208,498078.17273402377,1223564.4373706179,143470.21750872015,83013.02878900396,203927.40622843633,2077.9598995997935,327.51735113016775,3828.4024480694193,53.6,49.826723057972195,57.37327694202781
4,0.5,0,10,5.758346193408179,3.4049087948569543,8.111783591959403,0.0,0.0,0.0,,,,3817.2843131796535,-666.6293157583359,8301.197942117644,0.0,0.0,0.0,,,,,,,0.0,0.0,0.0
4,0.5,1,10,5.195641958982369,3.581801387646179,6.80948253031856,0.5627042344258097,-0.3074667595088534,1.4328752283604729,0.5627042344258097,-0.3074667595088534,1.4328752283604729,2695.686428681818,-273.94707539442516,5665.319932758061,1121.5978844978365,-582.7280379272845,2825.9238069229577,1121.5978844978365,-582.7280379272845,2825.9238069229577,1121.5978844978365,-582.7280379272845,2825.9238069229577,0.9,0.6737842837201795,1.1262157162798205
4,0.5,2,10,4.893813955394543,3.6789592824504913,6.108668628338594,0.8645322380136357,-0.40780015242852474,2.136864628455796,0.30182800358782597,-0.163640792934306,0.7672968001099579,2118.843421422333,32.65448222232726,4205.032360622339,1698.440891757321,-769.0516241796299,4165.933407694272,849.2204458786605,-384.52581208981496,2082.966703847136,576.8430072594844,-342.6078529844592,1496.293867503428,1.4,0.8998182316122291,1.9001817683877706
4,0.5,3,10,4.737891444476661,3.7295675250898093,5.746215363863513,1.0204547489315177,-0.51905402330508,2.5599635211681155,0.15592251091788206,-0.20363544403017064,0.5154804658659348,1829.2206218087913,221.19858540014866,3437.242658217434,1988.0636913708631,-975.0377476233962,4951.165130365122,662.6878971236209,-325.01258254113213,1650.388376788374,289.62279961354193,-378.24857394469336,957.4941731717772,1.7,0.9421867292816772,2.4578132707183227
4,0.5,4,10,4.679152314110844,3.7266560367339028,5.631648591487785,1.079193879297335,-0.5657633440668532,2.7241511026615233,0.0587391303658173,-0.06387120417037584,0.18134946490201043,1733.9645832993788,253.75253065263837,3214.176635946119,2083.319729880275,-1048.5433376234364,5215.182797383986,520.8299324700688,-262.1358344058591,1303.7956993459966,95.25603850941216,-99.02212284888203,289.5341998677064,2.0,0.9336088867171124,3.0663911132828874
4,0.5,5,10,4.659119950558586,3.7180637351367607,5.600176165980411,1.0992262428495936,-0.5653452719976118,2.763797757696799,0.020032363552258323,-0.010958095598802599,0.051022822703319246,1695.6037388291134,250.31044554416303,3140.8970321140637,2121.680574350541,-1049.2460642127526,5292.607212913835,424.3361148701082,-209.84921284255051,1058.521442582767,38.360844470265775,-21.643021832066886,98.36471077259844,2.3,0.9075528875166345,3.6924471124833653
4,0.5,6,10,4.651452478704457,3.7161207022642078,5.586784255144707,1.1068937147037217,-0.5722664764170688,2.786053905824512,0.007667471854128354,-0.010013749948053183,0.02534869365630989,1680.2687951208563,252.93156676665217,3107.6060234750603,2137.015518058798,-1062.864392661464,5336.89542877906,356.1692530097996,-177.14406544357735,889.4825714631766,15.334943708256914,-20.027499896106633,50.697387312620464,2.5,0.8739720896964083,4.126027910303591
4,1.0,0,10,5.507444965134691,3.543773903676406,7.471116026592975,0.0,0.0,0.0,,,,5105.825128397086,-377.9844117619541,10589.634668556126,0.0,0.0,0.0,,,,,,,0.0,0.0,0.0
4,1.0,1,10,4.966827290304526,3.5726672576513088,6.360987322957742,0.540617674830165,-0.11969304483386378,1.2009283944941938,0.540617674830165,-0.11969304483386378,1.2009283944941938,3738.5080048386867,6.694496907317898,7470.321512770055,1367.3171235583989,-578.5864429073047,3313.2206900241026,1367.3171235583989,-578.5864429073047,3313.2206900241026,1367.3171235583989,-578.5864429073047,3313.2206900241026,1.4,1.0305912822108199,1.76940871778918
4,1.0,2,10,4.569696321832618,3.65998828274358,5.479404360921656,0.9377486433020727,-0.18110681476471546,2.056604101368861,0.3971309684719078,-0.1977983761236714,0.992060313067487,2631.965889684878,349.9066162512827,4914.025163118474,2473.859238712207,-767.8183802307781,5715.536857655192,1236.9296193561036,-383.90919011538904,2857.768428827596,1106.542115153809,-487.70657526620425,2700.790805573822,2.4,1.7967580899204787,3.003241910079521
4,1.0,3,10,4.410928015028064,3.6705793620522775,5.151276668003851,1.096516950106627,-0.25146938625946813,2.444503286472722,0.15876830680455428,-0.0822709046196832,0.3998075182287918,2193.4276711089888,522.3532954589632,3864.5020467590143,2912.397457288097,-989.5607073074202,6814.355621883615,970.7991524293657,-329.85356910247356,2271.451873961205,438.53821857588974,-236.3913084406309,1113.4677455924104,3.0,2.173976995542358,3.826023004457642
4,1.0,4,10,4.419756995588629,3.6660425531680927,5.173471438009165,1.0876879695460615,-0.2336387961622728,2.409014735254396,-0.00882898056056547,-0.05214057387805637,0.034482612756925435,2226.3635322161613,481.98686588370197,3970.7401985486204,2879.461596180925,-924.9726709519082,6683.895863313758,719.8653990452312,-231.24316773797705,1670.9739658284395,-32.93586110717247,-170.1164162902288,104.24469407588388,3.3,2.3432147810383896,4.25678521896161
4,1.0,5,10,4.390622593958708,3.6674334488319835,5.113811739085432,1.1168223711759828,-0.2562636926606532,2.4899084350126186,0.029134401629921404,-0.036772193701044974,0.09504099696088777,2133.1334470004126,537.0108437212489,3729.2560502795764,2972.691681396673,-1009.7086760513976,6955.092038844744,594.5383362793347,-201.94173521027938,1391.0184077689487,93.23008521574847,-117.67101984334396,304.1311902748409,3.6,2.422132516827027,4.777867483172973
4,1.0,6,10,4.40083539234824,3.6674752793961884,5.1341955053002915,1.1066095727864496,-0.24819288420751695,2.461412029780416,-0.010212798389533173,-0.033315753418629614,0.012890156639563265,2165.8144018469184,519.277462832061,3812.3513408617755,2940.010726550167,-979.633320931166,6859.6547740315,490.0017877583612,-163.27222015519425,1143.2757956719167,-32.680954846506026,-106.61041093961434,41.24850124660229,3.9,2.4515126642004486,5.348487335799551
4,2.0,0,10,6.684169608126714,5.015014863607114,8.353324352646315,0.0,0.0,0.0,,,,12545.012898165847,5053.146869918784,20036.87892641291,0.0,0.0,0.0,,,,,,,0.0,0.0,0.0
4,2.0,1,10,5.603322951323382,4.713656767048034,6.49298913559873,1.0808466568033328,0.21285951778801437,1.9488337958186512,1.0808466568033328,0.21285951778801437,1.9488337958186512,8233.049465719881,4252.397364853388,12213.701566586375,4311.963432445964,514.3292826699267,8109.597582222001,4311.963432445964,514.3292826699267,8109.597582222001,4311.963432445964,514.3292826699267,8109.597582222001,2.4,1.8998182316122292,2.9001817683877706
4,2.0,2,10,5.275193201541798,4.346940025980857,6.20344637710274,1.408976406584917,0.5737869405252954,2.2441658726445386,0.32812974978158416,0.06930003535096435,0.586959464212204,7048.575429849024,3088.1699935303213,11008.980866167727,5496.4374683168235,1769.2267598766693,9223.648176756979,2748.2187341584117,884.6133799383347,4611.824088378489,1184.4740358708598,202.45140986971478,2166.4966618720046,4.6,3.760322797723432,5.439677202276568
4,2.0,3,10,4.808716453430204,4.355576338508422,5.261856568351986,1.8754531546965114,0.48994793897223454,3.2609583704207883,0.4664767481115944,-0.1378127514335668,1.0707662476567557,5225.918315304936,3105.9350397309054,7345.901590878967,7319.094582860911,1443.6822465886062,13194.506919133215,2439.6981942869706,481.22741552953585,4398.168973044405,1822.6571145440873,-560.0859212109037,4205.400150299079,6.4,5.322997768517404,7.477002231482596
4,2.0,4,10,4.718124877292594,4.33844858562278,5.097801168962407,1.966044730834121,0.4866711756041948,3.445418286064047,0.09059157613760922,-0.017126259335319347,0.19830941161053778,4875.253919578345,3077.4194492530823,6673.088389903607,7669.758978587501,1413.9683660180553,13925.549591156945,1917.4397446468752,353.49209150451384,3481.3873977892363,350.66439572659067,-72.15089105605892,773.4796825092403,7.8,6.299454694836688,9.300545305163313
4,2.0,5,10,4.653699161390242,4.292685530436353,5.014712792344131,2.030470446736473,0.49540023706318914,3.5655406564097567,0.06442571590235238,-0.0019264404736870355,0.1307778722783918,4646.53766145957,2987.354880222272,6305.720442696867,7898.475236706277,1440.3719032315612,14356.578570180995,1579.6950473412555,288.0743806463122,2871.315714036199,228.7162581187751,-15.341980462370941,472.77449669992114,8.7,6.913993849898368,10.48600615010163
4,2.0,6,10,4.633001288496327,4.274888986163579,4.991113590829076,2.0511683196303876,0.4958881654857563,3.6064484737750186,0.020697872893914226,-0.013102508867867013,0.054498254655695466,4568.0040133453895,2950.641217079405,6185.366809611374,7977.008884820457,1432.7788733118468,14521.238896329067,1329.5014808034098,238.79647888530803,2420.2064827215117,78.53364811418078,-46.10771427043416,203.1750104987957,9.6,7.4354624450628,11.764537554937199
4,4.0,0,10,6.52074960673944,5.582637869174121,7.4588613443047596,0.0,0.0,0.0,,,,22551.778914554725,14334.947137817722,30768.610691291728,0.0,0.0,0.0,,,,,,,0.0,0.0,0.0
4,4.0,1,10,5.486197178087984,4.819859359543328,6.152534996632641,1.0345524286514558,0.5865745834372311,1.4825302738656805,1.0345524286514558,0.5865745834372311,1.4825302738656805,14993.725311027269,9579.053102461294,20408.397519593243,7558.053603527456,3548.469274074534,11567.637932980379,7558.053603527456,3548.469274074534,11567.637932980379,7558.053603527456,3548.469274074534,11567.637932980379,4.5,4.122973806200299,4.877026193799701
4,4.0,2,10,4.979802206971977,4.599428396942412,5.360176017001542,1.540947399767463,0.9533836196583754,2.1285111798765506,0.5063949711160073,0.17022281606525624,0.8425671261667583,11472.675645851084,8191.125562595555,14754.225729106614,11079.103268703639,6012.820550569645,16145.385986837631,5539.551634351819,3006.4102752848225,8072.692993418816,3521.049665176181,913.0821105054551,6129.017219846906,8.9,8.372163328680418,9.427836671319582
4,4.0,3,10,4.777060807725657,4.468587152727533,5.08553446272378,1.7436887990137826,1.0377370032717907,2.4496405947557744,0.20274139924631954,0.02805583456281749,0.37742696392982156,9978.300094527642,7529.962155119934,12426.638033935349,12573.478820027081,6486.832176355641,18660.12546369852,4191.159606675695,2162.2773921185485,6220.04182123284,1494.3755513234444,129.36749139825633,2859.3836112486324,12.5,11.531402170478794,13.468597829521206
4,4.0,4,10,4.577597307172214,4.387862714588205,4.767331899756223,1.9431522995672261,1.1399640047552877,2.7463405943791646,0.19946350055344347,-0.024651661075168474,0.4235786621820554,8719.709547614568,7043.202021769349,10396.217073459786,13832.069366940155,7202.172730720101,20461.96600316021,3458.017341735039,1800.5431826800252,5115.491500790053,1258.590546913074,-220.24413341265836,2737.425227238806,15.0,13.45465246186293,16.545347538137072
4,4.0,5,10,4.5345752699955515,4.318117470367102,4.751033069624001,1.986174336743888,1.1879239175069212,2.784424755980855,0.043022037176662045,-0.004572742196574428,0.09061681654989852,8439.433962670862,6658.335110427946,10220.532814913779,14112.344951883864,7517.914392707597,20706.775511060132,2822.4689903767726,1503.5828785415192,4141.355102212026,280.2755849437067,-27.162511577669648,587.713681465083,16.9,14.83631965307118,18.963680346928815
4,4.0,6,10,4.51194540314113,4.289688930865571,4.734201875416689,2.008804203598309,1.20491682922971,2.8126915779669077,0.02262986685442101,-0.00621075334646767,0.0514704870553097,8305.475591230115,6504.920051533405,10106.031130926825,14246.30332332461,7629.203349193629,20863.40329745559,2374.383887220768,1271.5338915322711,3477.233882909265,133.95837144074585,-28.23169749354878,296.1484403750405,18.3,15.890569572881406,20.709430427118598
4,5.0,0,10,7.315942340708444,5.379873241584629,9.252011439832259,0.0,0.0,0.0,,,,36030.4941209327,12464.355996247425,59596.63224561798,0.0,0.0,0.0,,,,,,,0.0,0.0,0.0
4,5.0,1,10,5.714268094209612,4.888533456337649,6.540002732081575,1.601674246498833,0.27234179300367956,2.9310066999939863,1.601674246498833,0.27234179300367956,2.9310066999939863,20628.741164474268,10911.695774729676,30345.78655421886,15401.75295645844,-559.4057021632161,31362.9116150801,15401.75295645844,-559.4057021632161,31362.9116150801,15401.75295645844,-559.4057021632161,31362.9116150801,5.6,4.908899571172712,6.291100428827288
4,5.0,2,10,5.176152695970623,4.633470901482622,5.718834490458625,2.1397896447378226,0.5366678401032885,3.7429114493723565,0.5381153982389895,0.19817272781723233,0.8780580686607466,15690.164884390344,9517.312917149658,21863.01685163103,20340.32923654236,1163.4427061786955,39517.215766906025,10170.16461827118,581.7213530893478,19758.607883453013,4938.576280083922,1064.3284327316014,8812.824127436243,10.4,9.322997768517405,11.477002231482595
4,5.0,3,10,4.834533677613458,4.501491638743136,5.16757571648378,2.481408663094988,0.7531885825577154,4.20962874363226,0.34161901835716496,0.1254010909213289,0.557836945793001,12649.350210548553,8677.355323645761,16621.345097451343,23381.143910384155,2787.1454516477534,43975.14236912056,7793.714636794718,929.0484838825823,14658.380789706855,3040.814673841795,775.5207184866163,5306.108629196973,14.2,12.947274088655291,15.452725911344707
4,5.0,4,10,4.686321049762649,4.449274382665164,4.923367716860133,2.6296212909457957,0.8343983519432354,4.424844229948356,0.14821262785080852,0.03380064909076229,0.26262460661085474,11392.735376456236,8475.234080226492,14310.23667268598,24637.75874447647,3406.1514967123585,45869.36599224058,6159.439686119117,851.5378741780896,11467.341498060145,1256.6148340923162,120.77213537369312,2392.4575328109395,17.4,15.741084747281315,19.05891525271868
4,5.0,5,10,4.604470788273277,4.420860986098779,4.788080590447775,2.7114715524351687,0.8707589646956349,4.5521841401747025,0.08185026148937302,0.010864760502625442,0.1528357624761206,10702.356274163187,8376.512344502687,13028.200203823686,25328.13784676952,3655.2535884402714,47001.022105098775,5065.627569353905,731.0507176880556,9400.204421019753,690.3791022930496,39.449903305256726,1341.3083012808424,19.9,17.4577548067335,22.342245193266496
4,5.0,6,10,4.566495249350315,4.3921054703130284,4.740885028387602,2.7494470913581304,0.9014202593993148,4.5974739233169455,0.03797553892296124,0.0013086837073782026,0.07464239413854427,10401.998006072292,8159.095725216929,12644.900286927656,25628.496114860416,3849.312995799861,47407.67923392097,4271.416019143402,641.5521659666433,7901.279872320161,300.3582680908923,31.224033639324375,569.4925025424602,21.4,18.456296915542598,24.3437030844574
4,6.0,0,10,7.955107072300005,4.8299062807301105,11.0803078638699,0.0,0.0,0.0,,,,49607.26510091864,7197.570169681516,92016.96003215577,0.0,0.0,0.0,,,,,,,0.0,0.0,0.0
4,6.0,1,10,5.797323915840899,4.99574689333782,6.598900938343977,2.1577831564591063,-0.3594540916907838,4.675020404608997,2.1577831564591063,-0.3594540916907838,4.675020404608997,24501.94088851784,13595.307402115412,35408.574374920274,25105.3242124008,-8508.428690885386,58719.07711568699,25105.3242124008,-8508.428690885386,58719.07711568699,25105.3242124008,-8508.428690885386,58719.07711568699,6.4,5.89981823161223,6.900181768387771
4,6.0,2,10,5.143225911724303,4.658697957336705,5.6277538661119015,2.811881160575701,-0.058937705069991964,5.682700026221394,0.6540980041165948,0.24348845152803406,1.0647075567051556,17809.012493565806,11461.40412622169,24156.62086090992,31798.252607352835,-6550.213902931959,70146.71911763764,15899.126303676418,-3275.1069514659794,35073.35955881882,6692.928394952034,1377.3751270756802,12008.481662828388,12.4,11.495137134880718,13.304862865119283
4,6.0,3,10,4.835578083778925,4.521855310267145,5.149300857290705,3.11952898852108,0.1933986431150343,6.045659333927126,0.3076478279453788,0.11860696506960111,0.4966886908211565,14761.334821233879,10417.35107770846,19105.318564759298,34845.93027968476,-4301.384974650675,73993.2455340202,11615.310093228254,-1433.7949915502286,24664.415178006737,3047.677672331931,865.9191889268063,5229.436155737056,17.1,15.958911678514946,18.241088321485055
4,6.0,4,10,4.633363929534982,4.437350380138163,4.829377478931802,3.3217431427650235,0.28882203303068943,6.354664252499358,0.20221415424394323,0.06558958085340302,0.3388387276344834,12735.285518248293,9876.95583123299,15593.615205263595,36871.97958267035,-3562.3968357092817,77306.35600104998,9217.994895667587,-890.5992089273204,19326.589000262495,2026.0493029855857,445.38168839395234,3606.7169175772187,20.8,19.054242508997955,22.545757491002046
4,6.0,5,10,4.578171371599083,4.390532121810487,4.765810621387679,3.3769357007009217,0.3201412798374319,6.433730121564412,0.05519255793589943,0.008467983953406213,0.10191713191839265,12222.573476656615,9539.873696424522,14905.273256888708,37384.69162426203,-3330.385369854157,78099.7686183782,7476.938324852405,-666.0770739708323,15619.95372367564,512.7120415916776,68.53992474164949,956.8841584417057,23.7,21.46184853537952,25.93815146462048
4,6.0,6,10,4.5481408412152815,4.379958794369451,4.716322888061112,3.4069662310847235,0.3435167404367099,6.470415721732737,0.03003053038380159,-0.0017243147254922785,0.06178537549309546,11921.850277423595,9424.99403487808,14418.70651996911,37685.41482349504,-3124.747174058655,78495.57682104874,6280.902470582509,-520.791195676441,13082.596136841457,300.7231992330206,24.19290879426478,577.2534896717764,25.8,22.750046844117488,28.849953155882513
4,8.0,0,10,11.144270495652416,4.687316077172493,17.601224914132338,0.0,0.0,0.0,,,,111429.71317452463,-1362.068488779405,224221.49483782868,0.0,0.0,0.0,,,,,,,0.0,0.0,0.0
4,8.0,1,10,6.268588880902345,4.613699901180503,7.923477860624187,4.8756816147500714,0.01838057629820522,9.732982653201937,4.8756816147500714,0.01838057629820522,9.732982653201937,39003.49651636158,9699.476388905783,68307.51664381738,72426.21665816306,-11627.679816619682,156480.1131329458,72426.21665816306,-11627.679816619682,156480.1131329458,72426.21665816306,-11627.679816619682,156480.1131329458,8.6,7.831014432271884,9.368985567728116
4,8.0,2,10,5.126613674664379,4.659137658871282,5.594089690457476,6.017656820988036,-0.03265518951472046,12.067968831490793,1.1419752062379658,-0.08897335061429423,2.372923763090226,22611.081859003072,13957.228787209891,31264.934930796255,88818.63131552156,-15875.745870039187,193513.0085010823,44409.31565776078,-7937.872935019594,96756.50425054115,16392.414657358506,-4649.137376998646,37433.96669171566,16.3,15.343214781038391,17.25678521896161
4,8.0,3,10,4.78444067598725,4.5554977036403566,5.013383648334144,6.359829819665165,0.013417488871713346,12.706242150458616,0.3421729986771286,0.02595089649875454,0.6583951008555027,17914.321280535143,13935.714490919323,21892.928070150963,93515.3918939895,-16250.445118401942,203281.22890638094,31171.797297996498,-5416.815039467314,67760.40963546031,4696.760578467933,-522.7122344979771,9916.233391433841,22.3,21.179020536686764,23.420979463313238
4,8.0,4,10,4.670775523096252,4.4849825452170355,4.856568500975469,6.473494972556163,0.08333574765845686,12.863654197453869,0.1136651528909975,0.042357854925584304,0.1849724508564107,16593.568967773717,13283.255706077607,19903.882229469826,94836.14420675092,-15634.17767325406,205306.4660867559,23709.03605168773,-3908.544418313515,51326.61652168898,1320.7523127614245,376.1584717962546,2265.3461537265944,27.1,25.365679508521378,28.834320491478625
4,8.0,5,10,4.6097777681827825,4.430446363467105,4.78910917289846,6.534492727469631,0.11186608525141484,12.957119369687849,0.06099775491346939,0.01795711976380237,0.10403839006313642,15850.089195771765,12910.868745657162,18789.309645886366,95579.62397875286,-15423.884273323973,206583.13223082968,19115.924795750572,-3084.776854664793,41316.62644616594,743.4797720019496,142.1176954864427,1344.8418485174566,31.1,28.657754806733504,33.5422451932665
4,8.0,6,10,4.548177219808069,4.383736600707364,4.712617838908775,6.596093275844346,0.1533267759619008,13.038859775726792,0.061600548374714584,0.014777413231034986,0.10842368351839418,15136.850821897184,12528.04388664843,17745.65775714594,96292.86235262745,-14999.500544592112,207585.225249847,16048.810392104575,-2499.916757432018,34597.53754164117,713.23837387458,160.29986737899037,1266.1768803701698,33.8,30.8640333364998,36.73596666350019
4,10.0,0,10,7.883090550423513,3.372456014658839,12.393725086188187,0.0,0.0,0.0,,,,74617.04074203633,-10161.89973805043,159395.98122212308,0.0,0.0,0.0,,,,,,,0.0,0.0,0.0
4,10.0,1,10,5.226116676703264,4.715782764672972,5.736450588733557,2.6569738737202506,-1.597874403823048,6.911822151263549,2.6569738737202506,-1.597874403823048,6.911822151263549,28269.833441536688,19428.183858337987,37111.48302473539,46347.20730049965,-32928.82303981106,125623.23764081036,46347.20730049965,-32928.82303981106,125623.23764081036,46347.20730049965,-32928.82303981106,125623.23764081036,10.0,9.325555041092688,10.674444958907312
4,10.0,2,10,4.766326492022475,4.470710056310689,5.06194292773426,3.1167640584010394,-1.402579307653423,7.636107424455502,0.4597901846807882,0.13936290983220478,0.7802174595293716,21221.20807945959,16700.46594934965,25741.950209569528,53395.83266257673,-30654.15999712036,137445.82532227383,26697.916331288365,-15327.07999856018,68722.91266113691,7048.625362077093,1449.1668625299571,12648.083861624229,18.6,17.908899571172714,19.29110042882729
4,10.0,3,10,4.549759812134665,4.265240001051214,4.834279623218117,3.3333307382888493,-1.2161054214853917,7.882766898063091,0.21656667988781023,0.09795328726564283,0.3351800725099776,18281.55176373086,14064.444697770097,22498.65882969162,56335.48897830547,-28331.33202895915,141002.3099855701,18778.496326101824,-9443.777342986385,47000.76999519003,2939.6563157287324,1336.1443954050833,4543.168236052381,25.2,23.817799142345425,26.582200857654573
4,10.0,4,10,4.467623882488228,4.250741094279342,4.684506670697114,3.4154666679352856,-1.0994491908025208,7.9303825266730925,0.08213592964643661,-0.004951557610590171,0.16922341690346338,17061.570275937436,13813.236016337514,20309.90453553736,57555.4704660989,-26618.815634423496,141729.7565666213,14388.867616524725,-6654.703908605874,35432.439141655326,1219.9814877934232,-33.959390159042414,2473.922365745889,29.5,27.87397208969641,31.12602791030359
4,10.0,5,10,4.393349785890605,4.246114262952525,4.5405853088286845,3.489740764532909,-1.037006258420273,8.01648778748609,0.07427409659762355,-0.011000906768598856,0.15954909996384595,16009.97711728164,13722.902865210921,18297.05136935236,58607.063624754686,-25726.514073645863,142940.64132315523,11721.412724950937,-5145.302814729173,28588.128264631046,1051.5931586557954,-171.95702030468533,2275.143337616276,33.4,31.609224799619398,35.1907752003806
4,10.0,6,10,4.38627108252342,4.247035726965844,4.5255064380809955,3.4968194679000946,-1.0305257082909542,8.024164644091144,0.007078703367185746,-0.014153991018483934,0.028311397752855426,15906.702270936974,13747.14446755363,18066.26007432032,58710.33847109936,-25634.215685993935,143054.89262819267,9785.056411849891,-4272.369280998993,23842.482104698778,103.27484634466528,-162.3299147578864,368.8796074472169,35.9,33.67714359928639,38.12285640071361
4,11.0,0,10,8.016082508075497,3.6727538070537404,12.359411209097253,0.0,0.0,0.0,,,,85919.50529783241,-4524.37919158634,176363.38978725116,0.0,0.0,0.0,,,,,,,0.0,0.0,0.0
4,11.0,1,10,5.211109152579828,4.451880188894589,5.970338116265068,2.804973355495668,-0.81219697438073,6.422143685372066,2.804973355495668,-0.81219697438073,6.422143685372066,32328.43893195285,16096.83517254799,48560.04269135771,53591.06636587955,-21073.13802076259,128255.2707525217,53591.06636587955,-21073.13802076259,128255.2707525217,53591.06636587955,-21073.13802076259,128255.2707525217,10.8,10.34756856744036,11.252431432559641
4,11.0,2,10,4.6464726281386985,4.399111181090008,4.893834075187389,3.369609879936798,-0.8447864157832377,7.5840061756568335,0.5646365244411301,-0.04386601257278411,1.1731390614550443,22054.826675367505,17348.295825235185,26761.357525499825,63864.6786224649,-23368.265874673263,151097.62311960306,31932.33931123245,-11684.132937336632,75548.81155980153,10273.61225658534,-2462.1672180408696,23009.39173121155,19.4,18.434341776133632,20.365658223866365
4,11.0,3,10,4.4257982020955895,4.274267334901317,4.577329069289862,3.5902843059799068,-0.7492939390686111,7.929862551028425,0.2206744260431095,0.0651856787922872,0.3761631732939318,18362.33217397557,15714.33443631568,21010.32991163546,67557.17312385683,-22027.423155754223,157141.7694034679,22519.057707952274,-7342.474385251411,52380.58980115596,3692.4945013919323,863.6826436491551,6521.306359134709,26.0,24.418286367803837,27.581713632196163
4,11.0,4,10,4.349105400585431,4.231196512603074,4.467014288567788,3.6669771074900646,-0.6765735687287573,8.010527783708886,0.0766928015101576,0.02519917504902945,0.12818642797128577,17268.71764893608,15018.612822248822,19518.822475623336,68650.78764889632,-21033.64888121013,158335.22417900278,17162.69691222408,-5258.412220302533,39583.806044750694,1093.6145250394961,322.10741264715125,1865.121637431841,30.7,29.349004085715137,32.05099591428486
4,11.0,5,10,4.3187588931564465,4.2023342099445316,4.435183576368361,3.69732361491905,-0.6608059422284223,8.055453172066521,0.03034650742898535,0.004726889924015775,0.05596612493395492,16758.71157625394,14731.012044703559,18786.41110780432,69160.79372157846,-20798.67270192041,159120.26014507734,13832.158744315695,-4159.734540384079,31824.052029015467,510.0060726821372,68.06086362045778,951.9512817438166,34.2,32.487122241156456,35.91287775884355
4,11.0,6,10,4.296273089836257,4.176516995294429,4.416029184378084,3.719809418239239,-0.6418975824888533,8.08151641896733,0.022485803320189034,0.0028999135247340033,0.042071693115644064,16441.178057653284,14424.186097505539,18458.17001780103,69478.32724017912,-20528.848796578648,159485.50327693688,11579.72120669652,-3421.474799429774,26580.917212822817,317.53351860065703,45.446864124802005,589.6201730765121,36.9,34.808948691459456,38.99105130854054
4,12.0,0,10,8.582332525186827,3.5460029739029757,13.618662076470677,0.0,0.0,0.0,,,,106736.57235704371,-10715.550330172046,224188.69504425948,0.0,0.0,0.0,,,,,,,0.0,0.0,0.0
4,12.0,1,10,5.217848240012602,4.579191409560063,5.856505070465141,3.364484285174226,-1.0790751848565843,7.808043755205036,3.364484285174226,-1.0790751848565843,7.808043755205036,35208.315248670224,19931.99785996796,50484.63263737249,71528.25710837351,-31329.493814190908,174386.00803093793,71528.25710837351,-31329.493814190908,174386.00803093793,71528.25710837351,-31329.493814190908,174386.00803093793,11.3,10.817170888066817,11.782829111933184
4,12.0,2,10,4.66895115733728,4.379278491669357,4.958623823005203,3.9133813678495466,-1.0738237315442758,8.900586467243368,0.5488970826753209,-0.0009011196974672009,1.0986952850481089,24389.021782757027,18915.69314046258,29862.350425051474,82347.55057428672,-33104.327570101406,197799.42871867487,41173.77528714336,-16552.163785050703,98899.71435933743,10819.293465913197,-1859.4098722924937,23497.996804118888,20.4,19.174809888807,21.625190111192996
4,12.0,3,10,4.483955249986693,4.305257706223984,4.662652793749401,4.098377275200135,-0.9544698436892709,9.15122439408954,0.18499590735058832,0.029686938531768042,0.34030487616940863,21060.17353562941,17602.242488297532,24518.104582961285,85676.39882141433,-31147.725886542306,202500.52352937096,28558.799607138102,-10382.57529551411,67500.17450979032,3328.8482471276197,399.7677625013084,6257.928731753931,26.9,25.710125402372814,28.089874597627183
4,12.0,4,10,4.350656857757141,4.195165073816964,4.506148641697317,4.231675667429687,-0.8515535084327714,9.314904843292144,0.1332983922295516,0.06710336675785591,0.19949341770124726,18815.969662336563,16050.039787022644,21581.899537650483,87920.60269470718,-29535.06146247509,205376.26685188944,21980.150673676795,-7383.765365618772,51344.06671297236,2244.2038732928436,1049.5369169471066,3438.8708296385803,32.3,30.752813856170256,33.84718614382974
4,12.0,5,10,4.332127824937624,4.20576389504545,4.458491754829797,4.250204700249204,-0.8046381521854435,9.30504755268385,0.018529032819517167,-0.024174337678971366,0.061232403318005696,18564.295807995608,16162.80684313723,20965.784772853985,88172.27654904811,-28749.469176308558,205094.02227440476,17634.45530980963,-5749.8938352617115,41018.80445488097,251.67385434096013,-492.58169761039176,995.929406292312,36.1,34.09218064233794,38.107819357662066
4,12.0,6,10,4.31395442562602,4.194840301767944,4.433068549484095,4.268378099560808,-0.7912541654501757,9.328010364571792,0.018173399311603333,-0.0021783215641032957,0.03852512018730996,18265.276638596468,16025.615645290218,20504.937631902718,88471.29571844728,-28528.97836687007,205471.56980376464,14745.215953074547,-4754.829727811679,34245.26163396077,299.01916939913934,-27.193962831788383,625.232301630067,39.1,36.777078008027615,41.42292199197239
5,0.5,0,10,6.140687006675947,3.6610018975361402,8.620372115815753,0.0,0.0,0.0,,,,4110.018252476404,-467.7127933448701,8687.749298297678,0.0,0.0,0.0,,,,,,,0.0,0.0,0.0
5,0.5,1,10,5.093113485942344,3.525865140972805,6.660361830911883,1.0475735207336025,-0.05814873300331369,2.153295774470519,1.0475735207336025,-0.05814873300331369,2.153295774470519,2500.5509345759233,-379.73203078485176,5380.833899936699,1609.4673179004806,-408.3032037592725,3627.2378395602336,1609.4673179004806,-408.3032037592725,3627.2378395602336,1609.4673179004806,-408.3032037592725,3627.2378395602336,0.6,0.2305912822108201,0.9694087177891799
5,0.5,2,10,4.686721896066833,3.517905894046725,5.85553789808694,1.4539651106091138,-0.05335290546057858,2.961283126678806,0.40639158987551105,-0.142822726872883,0.9556059066239051,1981.484880042165,-155.15802599357585,4118.127786077906,2128.5333724342386,-455.40973756385074,4712.476482432328,1064.2666862171193,-227.70486878192537,2356.238241216164,519.0660545337582,-289.37679834629216,1327.5089074138086,1.1,0.3886284002805013,1.8113715997194988
5,0.5,3,10,4.543414666472848,3.624129973265662,5.462699359680034,1.5972723402030988,-0.11749666131137038,3.312041341717568,0.14330722959398529,-0.25126881923375044,0.537883278421721,1713.2589071493524,109.42965663189375,3317.0881576668107,2396.759345327051,-659.264418040535,5452.783108694637,798.9197817756836,-219.7548060135116,1817.594369564879,268.2259728928125,-468.46597178973207,1004.917917575357,1.4,0.43434177613363256,2.365658223866367
5,0.5,4,10,4.414716236098196,3.628382805808848,5.2010496663875445,1.7259707705777505,-0.1469685021494973,3.5989100433049983,0.12869843037465176,-0.0713833472969378,0.3287802080462413,1478.084268622271,175.5276946938693,2780.640842550673,2631.9339838541323,-767.2857105616918,6031.153678269957,657.9834959635331,-191.82142764042294,1507.7884195674892,235.1746385270813,-125.64514128137165,595.9944183355342,1.6,0.4221325168270269,2.7778674831729733
5,0.5,5,10,4.340794898244074,3.631501586910014,5.050088209578133,1.7998921084318726,-0.18829244205424556,3.7880766589179906,0.07392133785412221,-0.09654157291730785,0.24438424862555225,1352.463815136249,227.77834247352553,2477.149287798972,2757.554437340155,-864.9253206110243,6380.034195291334,551.5108874680309,-172.98506412220502,1276.006839058267,125.6204534860222,-164.06083171896756,415.30173869101196,1.7,0.39176800231552256,3.0082319976844776
5,0.5,6,10,4.3263369147185164,3.6282282079346597,5.024445621502373,1.8143500919574302,-0.19729197282361355,3.825992156738474,0.014457983525557458,-0.01888218627109174,0.04779815332220666,1323.547848085134,232.9973234413519,2414.0983727289163,2786.4704043912693,-888.7132890729486,6461.654097855488,464.41173406521153,-148.11888151215823,1076.9423496425813,28.915967051114826,-37.76437254218336,95.596306644413,1.8,0.33783817167907615,3.2621618283209237
5,1.0,0,10,5.8073567144522755,3.8464321049107477,7.768281323993803,0.0,0.0,0.0,,,,5599.979181878816,-111.88274004061805,11311.841103798251,0.0,0.0,0.0,,,,,,,0.0,0.0,0.0
5,1.0,1,10,5.093267712322602,3.778148675210793,6.408386749434411,0.7140890021296742,-0.05073985161296879,1.478917855872317,0.7140890021296742,-0.05073985161296879,1.478917855872317,3818.9595291222977,207.96536972517106,7429.953688519425,1781.0196527565186,-515.4874565213854,4077.5267620344225,1781.0196527565186,-515.4874565213854,4077.5267620344225,1781.0196527565186,-515.4874565213854,4077.5267620344225,1.1,0.572163328680419,1.627836671319581
5,1.0,2,10,4.713256520192788,3.7364443063989765,5.6900687339866,1.0941001942594881,0.03618848938771957,2.1520118991312565,0.38001119212981377,-0.12560884185032223,0.8856312261099497,2906.8874554660456,275.2966539837216,5538.47825694837,2693.0917264127706,-434.2025954646433,5820.386048290185,1346.5458632063853,-217.10129773232165,2910.1930241450923,912.0720736562523,-385.6414500156918,2209.7855973281967,1.7,0.8705423736406582,2.5294576263593416
5,1.0,3,10,4.531954002548803,3.721255962305573,5.342652042792032,1.2754027119034723,-0.026863325509778768,2.5776687493167234,0.18130251764398447,-0.09253641526587553,0.4551414505538445,2438.098119488769,336.7885665793119,4539.407672398226,3161.881062390047,-593.4412837901887,6917.2034085702835,1053.960354130016,-197.81376126339592,2305.734469523428,468.7893359772767,-204.9305055273956,1142.509177481949,2.1,1.0633493567590686,3.1366506432409316
5,1.0,4,10,4.440722356224362,3.6940662313005346,5.18737848114819,1.3666343582279132,-0.03916085747100362,2.7724295739268303,0.09123164632444088,-0.020242218041976956,0.2027055106908587,2199.7245513638986,342.4522281616794,4056.996874566118,3400.2546305149176,-623.3717531705465,7423.881014200382,850.0636576287294,-155.84293829263663,1855.9702535500955,238.37356812487013,-43.679678718270395,520.4268149680106,2.4,1.129248329053242,3.670751670946758
5,1.0,5,10,4.37654801899547,3.708105398171172,5.044990639819767,1.4308086954568058,-0.07319021175008555,2.934807602663697,0.06417433722889258,-0.08099809940127427,0.20934677385905942,2014.3666722314422,490.89666250556456,3537.83668195732,3585.6125096473743,-760.6901070297172,7931.915126324466,717.1225019294749,-152.1380214059435,1586.3830252648931,185.3578791324566,-233.9507748281139,604.666533093027,2.6,1.1223651288432803,4.07763487115672
5,1.0,6,10,4.368415403262344,3.7082649225962983,5.02856588392839,1.4389413111899318,-0.0780407196396311,2.955923342019495,0.00813261573312607,-0.01026463919985044,0.02652987066610258,1988.3423018854387,508.2511561578283,3468.433447613049,3611.636879993377,-781.276548219319,8004.550308206073,601.9394799988962,-130.21275803655317,1334.0917180343456,26.024370346003344,-32.84684543952132,84.895586131528,2.7,1.0809808633136881,4.319019136686312
5,2.0,0,10,6.801009164283295,5.7656054936321,7.83641283493449,0.0,0.0,0.0,,,,11997.784386599737,7175.293930083288,16820.274843116185,0.0,0.0,0.0,,,,,,,0.0,0.0,0.0
5,2.0,1,10,5.82564741744519,5.086932268832524,6.564362566057857,0.9753617468381041,0.5690110547620659,1.3817124389141422,0.9753617468381041,0.5690110547620659,1.3817124389141422,8516.23683203165,5036.024971814881,11996.448692248418,3481.547554568087,1874.636655938922,5088.458453197252,3481.547554568087,1874.636655938922,5088.458453197252,3481.547554568087,1874.636655938922,5088.458453197252,2.1,1.6939303619563957,2.5060696380436047
5,2.0,2,10,5.2321091237597575,4.610264772766758,5.853953474752757,1.568900040523537,0.790647722642506,2.3471523584045677,0.5935382936854328,0.20451524215552175,0.9825613452153438,6525.832350464034,3577.088308303606,9474.576392624462,5471.952036135703,2655.5209915405717,8288.383080730833,2735.9760180678513,1327.7604957702858,4144.191540365417,1990.404481567616,707.0246283273814,3273.7843348078504,3.9,3.273637044327646,4.5263629556723535
5,2.0,3,10,5.070556026253877,4.577014424582544,5.56409762792521,1.7304531380294172,0.8705351872442788,2.590371088814556,0.1615530975058806,-0.08513543400030787,0.40824162901206906,5860.748947671093,3618.0984000945314,8103.399495247655,6137.035438928642,2814.273889646374,9459.79698821091,2045.6784796428808,938.0912965487914,3153.26566273697,665.083402792939,-389.69242211828634,1719.8592277041644,5.0,4.046190792039114,5.953809207960886
5,2.0,4,10,4.897295506096639,4.477080785174231,5.317510227019047,1.9037136581866558,0.9433497065148116,2.8640776098585,0.17326052015723867,-0.014577610129862195,0.36109865044433953,5208.012695902024,3410.3319265061905,7005.693465297856,6789.771690697713,2985.4442253297434,10594.099156065682,1697.4429226744282,746.3610563324359,2648.5247890164205,652.7362517690708,-117.61026565282486,1423.0827691909665,5.9,4.532272848601032,7.267727151398969
5,2.0,5,10,4.774360735085313,4.405511184923039,5.143210285247587,2.026648429197981,1.0659146219795912,2.9873822364163707,0.12293477101132497,-0.04223849176815528,0.2881080337908052,4770.046983047474,3231.4711259409005,6308.6228401540475,7227.737403552262,3389.2641002334954,11066.210706871028,1445.5474807104524,677.8528200466991,2213.242141374206,437.9657128545488,-108.01642670838515,983.9478524174829,6.4,4.641262720685859,8.158737279314142
5,2.0,6,10,4.741714835038704,4.357923126748998,5.1255065433284095,2.0592943292445907,1.0965056189862692,3.0220830395029123,0.03264590004660972,-0.04939199633545202,0.11468379642867146,4667.874578689099,3107.663854305595,6228.085303072602,7329.909807910638,3501.508862913996,11158.31075290728,1221.651634651773,583.584810485666,1859.7184588178802,102.17240435837621,-165.4524068653162,369.7972155820686,6.8,4.7543071530949526,8.845692846905047
5,4.0,0,10,7.07963510534902,6.032451921948921,8.126818288749119,0.0,0.0,0.0,,,,25110.215364705822,16329.115845808516,33891.31488360313,0.0,0.0,0.0,,,,,,,0.0,0.0,0.0
5,4.0,1,10,5.95079361594315,5.128279121981122,6.7733081099051775,1.128841489405869,0.5875526979177456,1.6701302808939924,1.128841489405869,0.5875526979177456,1.6701302808939924,17320.439939957974,11093.142294478708,23547.73758543724,7789.775424747847,3239.3652203281445,12340.18562916755,7789.775424747847,3239.3652203281445,12340.18562916755,7789.775424747847,3239.3652203281445,12340.18562916755,4.0,3.523095396019557,4.476904603980443
5,4.0,2,10,5.262542273650968,4.66609960080573,5.858984946496207,1.8170928316980508,1.2236212765204975,2.4105643868756044,0.6882513422921819,0.35892472228776934,1.0175779622965944,12800.407312740295,8263.091491127936,17337.723134352655,12309.808051965523,7228.869892998437,17390.746210932608,6154.904025982762,3614.4349464992183,8695.373105466304,4520.032627217677,2205.444478493902,6834.620775941452,7.0,6.107793182865037,7.892206817134963
5,4.0,3,10,4.739641658274171,4.492922922024477,4.986360394523865,2.3399934470748485,1.484055303655449,3.195931590494248,0.5229006153767974,0.13971763074093457,0.9060836000126603,9234.72605078113,7141.39530092854,11328.05680063372,15875.48931392469,9027.697017347204,22723.281610502178,5291.82977130823,3009.2323391157342,7574.427203500726,3565.6812619591656,949.402899347579,6181.959624570753,9.6,8.577153576547476,10.622846423452524
5,4.0,4,10,4.574694943731382,4.391763177370458,4.757626710092306,2.5049401616176374,1.5452953971246883,3.4645849261105868,0.16494671454278934,0.024384366913367955,0.30550906217221074,8183.0026505533215,6588.221022957137,9777.784278149506,16927.2127141525,9454.203718529565,24400.22170977544,4231.803178538125,2363.550929632391,6100.05542744386,1051.7234002278074,151.89343232649264,1951.5533681291222,11.7,10.307552887516634,13.092447112483365
5,4.0,5,10,4.568675547891808,4.336774263620537,4.800576832163079,2.5109595574572117,1.5281499877476514,3.4937691271667717,0.006019395839573782,-0.09545102686630065,0.10748981854544822,8143.6817940033625,6288.076404965067,9999.287183041659,16966.533570702457,9373.545037364385,24559.52210404053,3393.3067141404913,1874.7090074728771,4911.904420808105,39.32085654996017,-636.2496225729884,714.8913356729087,12.9,11.00884623300827,14.79115376699173
5,4.0,6,10,4.531995000190227,4.357379694115418,4.706610306265035,2.547640105158793,1.547255524669896,3.5480246856476905,0.03668054770158165,-0.03978161815160973,0.11314271355477303,7888.625161824131,6445.335113013355,9331.915210634908,17221.59020288169,9460.889315401924,24982.291090361454,2870.265033813615,1576.8148859003206,4163.71518172691,255.0566321792312,-266.43137143624097,776.5446357947034,13.3,11.139406336990646,15.460593663009355
5,5.0,0,10,6.914480592310808,6.1427169313376435,7.686244253283972,0.0,0.0,0.0,,,,29252.71328898468,21149.314375222257,37356.1122027471,0.0,0.0,0.0,,,,,,,0.0,0.0,0.0
5,5.0,1,10,5.731779437000347,5.165200394149473,6.298358479851222,1.18270115531046,0.8569155861460933,1.5084867244748268,1.18270115531046,0.8569155861460933,1.5084867244748268,19455.015884649914,13709.935670532293,25200.096098767535,9797.697404334767,6590.159492376424,13005.23531629311,9797.697404334767,6590.159492376424,13005.23531629311,9797.697404334767,6590.159492376424,13005.23531629311,5.0,4.523095396019557,5.476904603980443
5,5.0,2,10,5.097911398275204,4.6567642458416225,5.539058550708785,1.8165691940356041,1.323717240067972,2.3094211480032363,0.6338680387251439,0.4058837068626291,0.8618523705876586,14366.552866295131,10017.658540213408,18715.447192376854,14886.160422689549,10115.66846714034,19656.65237823876,7443.080211344774,5057.83423357017,9828.32618911938,5088.463018354783,3106.3519789258094,7070.574057783757,9.1,8.312746194968643,9.887253805031357
5,5.0,3,10,4.724731713088635,4.421976105019206,5.0274873211580635,2.1897488792221735,1.6254579153236255,2.7540398431207214,0.3731796851865693,0.18462501865201209,0.5617343517211265,11333.05014742254,8438.78581269173,14227.31448215335,17919.66314156214,12137.693636432468,23701.632646691814,5973.2210471873805,4045.8978788108225,7900.544215563938,3033.5027188725917,1354.9788200614491,4712.026617683734,12.7,11.228148457771299,14.1718515422287
5,5.0,4,10,4.581730845370027,4.3720628921048155,4.791398798635238,2.332749746940782,1.6574197157147825,3.008079778166781,0.14300086771860884,-0.04139821224361545,0.32739994768083314,10225.549847693337,8029.658363997859,12421.441331388814,19027.163441291344,12544.527165804175,25509.799716778514,4756.790860322836,3136.1317914510437,6377.449929194629,1107.5002997292022,-385.88725848825584,2600.88785794666,14.9,13.451512664200449,16.34848733579955
5,5.0,5,10,4.561203509443752,4.310457204063608,4.811949814823896,2.3532770828670566,1.6439051485596168,3.0626490171744964,0.020527335926274315,-0.05710114746048771,0.09815581931303634,10088.720334055983,7567.434048349356,12610.00661976261,19163.992954928697,12577.954311854544,25750.03159800285,3832.7985909857402,2515.59086237091,5150.00631960057,136.82951363735418,-421.21812546329596,694.8771527380043,16.1,14.269965965040742,17.93003403495926
5,5.0,6,10,4.529692412305528,4.3277960602176435,4.731588764393413,2.38478818000528,1.6737914390159334,3.0957849209946264,0.0315110971382234,-0.028024866367248318,0.09104706064369511,9808.964777005589,7714.45638766929,11903.473166341888,19443.74851197909,12757.25181727384,26130.24520668434,3240.624751996515,2126.2086362123064,4355.040867780724,279.7555570503935,-237.84239805136434,797.3535121521513,16.7,14.513248075961734,18.886751924038265
5,6.0,0,10,7.198848417073785,5.5928340373193945,8.804862796828177,0.0,0.0,0.0,,,,37784.219385858974,16406.78383314949,59161.65493856846,0.0,0.0,0.0,,,,,,,0.0,0.0,0.0
5,6.0,1,10,5.831668183191043,5.186378278309471,6.476958088072616,1.367180233882742,0.3375002581713542,2.39686020959413,1.367180233882742,0.3375002581713542,2.39686020959413,23485.96506067065,14683.174569744415,32288.755551596885,14298.254325188318,1125.583172482855,27470.925477893783,14298.254325188318,1125.583172482855,27470.925477893783,14298.254325188318,1125.583172482855,27470.925477893783,6.2,5.6357188627848345,6.764281137215166
5,6.0,2,10,5.141087078831109,4.649579078580088,5.63259507908213,2.057761338242675,0.9112270739325727,3.204295602552777,0.6905811043599334,0.46924533720250994,0.9119168715173568,17048.976144746724,10433.52663610939,23664.42565338406,20735.243241112243,5809.017125411061,35661.469356813424,10367.621620556121,2904.5085627055305,17830.734678406712,6436.988915923929,3803.2662228383306,9070.711609009528,10.2,8.947274088655291,11.452725911344707
5,6.0,3,10,4.845911090803884,4.557750931777675,5.134071249830092,2.3529373262699003,0.960857633077945,3.7450170194618555,0.29517598802722517,0.0397773198043056,0.5505746562501448,14056.425728978304,10110.100513692367,18002.75094426424,23727.79365688066,5882.783203415132,41572.80411034619,7909.2645522935545,1960.927734471712,13857.601370115397,2992.5504157684195,23.15447855602406,5961.9463529808145,13.8,11.782293325770667,15.817706674229335
5,6.0,4,10,4.65477943714229,4.429890208969642,4.879668665314938,2.5440689799314953,1.035974996869959,4.052162962993032,0.19113165366159465,0.01932794948979219,0.36293535783339714,12284.49708242474,9234.96958480617,15334.02458004331,25499.722303434228,6360.498868648683,44638.94573821977,6374.930575858557,1590.1247171621708,11159.736434554943,1771.9286465535654,5.15547435945291,3538.701818747678,15.9,13.528628122354762,18.27137187764524
5,6.0,5,10,4.59749350709956,4.391869078500116,4.803117935699003,2.601354909974224,1.0855335536737702,4.117176266274678,0.057285930042729395,-0.037234181773145324,0.1518060418586041,11761.356150249541,8910.500577835306,14612.211722663777,26022.863235609424,6712.722866684922,45333.00360453392,5204.572647121886,1342.5445733369856,9066.600720906787,523.1409321751956,-291.4346531223846,1337.7165174727759,17.1,14.289700265974442,19.91029973402556
5,6.0,6,10,4.55862959755148,4.355973840876762,4.761285354226199,2.640218819522304,1.0963339114070207,4.184103727637588,0.038863909548079965,-0.00921010229012624,0.08693792138628617,11363.004941211444,8699.892513016981,14026.117369405907,26421.214444647525,6759.348061609351,46083.0808276857,4403.535740774588,1126.5580102682243,7680.513471280951,398.3512090380991,-87.69015383586361,884.3925719120618,17.8,14.482169494562633,21.117830505437368
5,8.0,0,10,9.40075002414259,4.827837705513546,13.973662342771636,0.0,0.0,0.0,,,,80988.74933972271,5016.084838808485,156961.41384063693,0.0,0.0,0.0,,,,,,,0.0,0.0,0.0
5,8.0,1,10,5.997931400278473,5.150443176962578,6.845419623594368,3.4028186238641185,-0.4965755954534403,7.302212843181677,3.4028186238641185,-0.4965755954534403,7.302212843181677,32462.815531653156,18643.12864080646,46282.50242249985,48525.933808069574,-15299.861931308733,112351.72954744787,48525.933808069574,-15299.861931308733,112351.72954744787,48525.933808069574,-15299.861931308733,112351.72954744787,7.6,6.996758089920478,8.203241910079521
5,8.0,2,10,5.171779928337626,4.761873411395283,5.58168644527997,4.228970095804964,-0.10092178801085527,8.558861979620783,0.826151471940846,0.3158012385322452,1.336501705349447,21862.762297481382,15431.56285824277,28293.961736719993,59125.98704224136,-11835.28030522784,130087.25438971055,29562.99352112068,-5917.64015261392,65043.627194855275,10600.05323417177,2665.90528660116,18534.20118174238,13.3,12.129395900477492,14.47060409952251
5,8.0,3,10,4.874838076673055,4.608530728958793,5.141145424387317,4.5259119474695355,0.08187578899569825,8.969948105943374,0.29694185166457177,0.11061883822084484,0.4832648651082987,18299.85785622419,13957.290712111742,22642.425000336636,62688.89148349854,-10137.37767924046,135515.16064623755,20896.29716116618,-3379.125893080156,45171.72021541252,3562.9044412571966,1102.831030717898,6022.977851796495,17.5,15.739646976404519,19.26035302359548
5,8.0,4,10,4.695472069431642,4.509083647695307,4.881860491167978,4.705277954710948,0.2501228234778283,9.160433085944067,0.17936600724141272,0.05534982277147442,0.303382191711351,16204.411972734864,12771.210304093693,19637.613641376036,64784.33736698786,-8275.23460583295,137843.90933980866,16196.084341746964,-2068.8086514582374,34460.977334952164,2095.4458834893244,593.6162465127384,3597.2755204659106,20.4,17.987032359681912,22.812967640318085
5,8.0,5,10,4.618466546357334,4.474491471939545,4.762441620775124,4.782283477785258,0.23669563442515962,9.327871321145356,0.07700552307430933,-0.021897095511387327,0.17590814166000598,15225.685129132373,12785.583668839667,17665.78658942508,65763.06421059035,-8594.129721067453,140120.25814224815,13152.612842118071,-1718.8259442134968,28024.05162844964,978.7268436024904,-389.9645958525932,2347.4182830575737,22.2,19.485411404642154,24.914588595357845
5,8.0,6,10,4.574837640243605,4.434641845931534,4.715033434555677,4.825912383898986,0.24752915967537525,9.404295608122597,0.043628906113728494,-0.0014434707849751566,0.08870128301243214,14663.061021284215,12578.12126334765,16748.00077922078,66325.68831843851,-8515.306698112356,141166.68333498936,11054.28138640642,-1419.217783018723,23527.78055583156,562.6241078481569,-35.71696455260701,1160.9651802489207,23.1,20.075319256152525,26.124680743847478
5,10.0,0,10,6.609484298184599,5.377240652094079,7.841727944275119,0.0,0.0,0.0,,,,48002.38993797941,25588.64951124985,70416.13036470897,0.0,0.0,0.0,,,,,,,0.0,0.0,0.0
5,10.0,1,10,5.3842945562873155,4.881600389271694,5.886988723302937,1.225189741897283,0.4488709151330066,2.0015085686615595,1.225189741897283,0.4488709151330066,2.0015085686615595,29425.91330866042,20071.788607760434,38780.038009560405,18576.476629318982,5035.940991105423,32117.01226753254,18576.476629318982,5035.940991105423,32117.01226753254,18576.476629318982,5035.940991105423,32117.01226753254,8.4,7.6310144322718845,9.168985567728116
5,10.0,2,10,4.714581521037841,4.50062487794576,4.928538164129923,1.8949027771467573,0.8154948941945124,2.974310660099002,0.6697130352494746,0.3403267309763265,0.9990993395226226,19749.132380573512,15763.350606415452,23734.91415473157,28253.257557405894,9180.682060006653,47325.83305480513,14126.628778702947,4590.3410300033265,23662.916527402565,9676.780928086906,3852.755357644667,15500.806498529146,15.0,13.738229018766003,16.261770981233997
5,10.0,3,10,4.504250295600025,4.332225598485885,4.676274992714165,2.105234002584573,0.9776184259297522,3.232849579239393,0.2103312254378153,0.09337787188187488,0.32728457899375574,16870.61116307729,13784.041323763246,19957.181002391335,31131.778774902115,11233.94785169639,51029.609698107844,10377.25959163404,3744.649283898799,17009.86989936928,2878.5212174962244,1217.7352612825016,4539.307173709947,18.9,17.451512664200447,20.34848733579955
5,10.0,4,10,4.40058196107912,4.270477113619623,4.530686808538618,2.208902337105479,0.9979113407708962,3.4198933334400614,0.10366833452090614,0.010174055468389717,0.19716261357342257,15304.551326420737,13301.792964085444,17307.30968875603,32697.83861155867,11369.807827590914,54025.869395526424,8174.459652889667,2842.4519568977285,13506.467348881606,1566.0598366565537,21.450607584929912,3110.6690657281774,21.4,19.261892466201793,23.538107533798204
5,10.0,5,10,4.373728787612574,4.247541923678602,4.499915651546546,2.2357555105720244,0.9954462177230565,3.476064803420992,0.026853173466545588,-0.021723334436052635,0.07542968136914381,14928.774643594521,13091.228362523947,16766.320924665095,33073.61529438488,11329.779363440557,54817.451225329205,6614.723058876977,2265.9558726881114,10963.490245065843,375.7766828262149,-307.20759030575545,1058.7609559581851,23.1,20.543995972757934,25.65600402724207
5,10.0,6,10,4.358277213328959,4.220212596554036,4.496341830103883,2.251207084855639,0.9794161877689731,3.5229979819423045,0.015451574283614544,-0.019502315158572633,0.05040546372580172,14696.826936202906,12851.047134698325,16542.606737707487,33305.5630017765,11080.672160167283,55530.453843385716,5550.927166962751,1846.7786933612151,9255.075640564286,231.94770739161504,-292.75446027894895,756.649875062179,23.9,21.04952239153473,26.750477608465268
5,11.0,0,10,6.560831072605298,5.19988188241941,7.921780262791186,0.0,0.0,0.0,,,,53204.490269341775,25808.22599728469,80600.75454139886,0.0,0.0,0.0,,,,,,,0.0,0.0,0.0
5,11.0,1,10,5.341094174675903,4.629813217512478,6.052375131839328,1.2197368979293952,0.5068719126180975,1.932601883240693,1.2197368979293952,0.5068719126180975,1.932601883240693,32794.05745276278,18434.177672641687,47153.93723288388,20410.43281657899,6618.71008990474,34202.15554325323,20410.43281657899,6618.71008990474,34202.15554325323,20410.43281657899,6618.71008990474,34202.15554325323,8.8,7.92063136034293,9.67936863965707
5,11.0,2,10,4.617663293698749,4.457876774457228,4.7774498129402705,1.943167778906549,0.6482625275467861,3.2380730302663117,0.723430880977154,0.08664189977208236,1.3602198621822257,20530.969109534046,17340.648935962505,23721.289283105587,32673.521159807726,7342.107246570122,58004.93507304533,16336.760579903863,3671.053623285061,29002.467536522665,12263.088343228737,-74.8030604436135,24600.97974690109,15.6,14.374809888807004,16.825190111192995
5,11.0,3,10,4.406180914974372,4.266820304730574,4.5455415252181695,2.1546501576309263,0.7835446776036734,3.525755637658179,0.21148237872437736,0.11713518962597896,0.30582956782277576,17254.895059934053,14994.910319919245,19514.87979994886,35949.59520940772,9302.249623667736,62596.940795147704,11983.198403135908,3100.7498745559114,20865.646931715906,3276.0740495999935,1694.6755181321107,4857.4725810678765,19.9,18.19878027094858,21.60121972905142
5,11.0,4,10,4.339474143112136,4.206154882687514,4.472793403536759,2.2213569294931625,0.8508728373575687,3.591841021628756,0.06670677186223592,0.0066878196842956456,0.12672572404017618,16248.178182300162,14113.418199219313,18382.93816538101,36956.3120870416,10285.62408885179,63627.00008523141,9239.0780217604,2571.4060222129474,15906.750021307853,1006.716877633892,83.49407786316124,1929.9396774046227,22.3,20.24737022967105,24.352629770328953
5,11.0,5,10,4.308361196264051,4.1773925964635765,4.439329796064525,2.2524698763412467,0.8471229605375235,3.65781679214497,0.031112946848084456,-0.0121726000700649,0.07439849376623381,15747.460255218266,13806.371116419275,17688.549394017256,37457.03001412351,10161.831844964865,64752.22818328216,7491.406002824702,2032.3663689929717,12950.445636656434,500.71792708189895,-232.8004947165195,1234.2363488803173,23.8,21.32652426029498,26.27347573970502
5,11.0,6,10,4.3098742410516095,4.180586527761859,4.43916195434136,2.250956831553688,0.8450867837213174,3.6568268793860588,-0.0015130447875582932,-0.004935789891367773,0.001909700316251187,15773.484625564268,13860.164874132846,17686.80437699569,37431.005643777506,10126.476098060364,64735.53518949465,6238.500940629585,1687.7460163433943,10789.255864915776,-26.02437034600316,-84.8955861315274,32.846845439521076,24.6,21.898008171430277,27.301991828569726
5,12.0,0,10,6.795735502754527,5.163745019225445,8.42772598628361,0.0,0.0,0.0,,,,63258.290016331695,26431.86970068497,100084.71033197842,0.0,0.0,0.0,,,,,,,0.0,0.0,0.0
5,12.0,1,10,5.267723404214094,4.690565634633688,5.844881173794501,1.528012098540434,0.40962744833252773,2.64639674874834,1.528012098540434,0.40962744833252773,2.64639674874834,34302.90707828,21559.83960370977,47045.974552850224,28955.382938051684,4025.706455227162,53885.059420876205,28955.382938051684,4025.706455227162,53885.059420876205,28955.382938051684,4025.706455227162,53885.059420876205,9.9,9.188628400280502,10.611371599719499
5,12.0,2,10,4.750844720674277,4.416809557070385,5.08487988427817,2.044890782080251,0.6407596868075158,3.449021877352986,0.5168786835398174,0.1918017049357832,0.8419556621438515,25046.875399025346,18138.663976397205,31955.086821653487,38211.414617306335,6987.694325378852,69435.13490923382,19105.707308653167,3493.847162689426,34717.56745461691,9256.03167925465,2424.377037176665,16087.686321332632,17.3,15.907552887516635,18.692447112483364
5,12.0,3,10,4.459347518692821,4.25860455656435,4.660090480821292,2.336387984061706,0.7955738336079485,3.8772021345154637,0.29149720198145507,0.09798949594655537,0.48500490801635476,19926.927545698574,15927.047627744796,23926.807463652352,43331.3624706331,9196.908265197133,77465.81667606908,14443.787490211038,3065.636088399051,25821.938892023027,5119.947853326774,1408.3143080454593,8831.581398608088,21.7,19.513248075961734,23.886751924038265
5,12.0,4,10,4.343725960672697,4.200243064588752,4.487208856756642,2.4520095420818313,0.8123395929004031,4.0916794912632595,0.11562155802012537,0.0013048597249182975,0.22993825631533243,17848.392357675977,15227.48701355124,20469.297701800715,45409.8976586557,9300.891666546973,81518.90365076442,11352.474414663924,2325.2229166367433,20379.725912691105,2078.5351880225953,-89.58613432276525,4246.656510367956,24.6,21.85624384411528,27.343756155884723
5,12.0,5,10,4.332549001162898,4.192734713604778,4.472363288721019,2.46318650159163,0.8125227714019949,4.113850231781265,0.011176959509798134,-0.002269967898213675,0.024623886917809944,17660.764443855045,15137.249830889326,20184.279056820764,45597.52557247663,9296.093759822856,81898.9573851304,9119.505114495327,1859.2187519645713,16379.791477026083,187.62791382093383,-41.279647109111266,416.5354747509789,26.0,22.90930492372586,29.09069507627414
5,12.0,6,10,4.329140738579151,4.1834226255538445,4.474858851604458,2.466594764175376,0.8016982061770883,4.131491322173664,0.003408262583746424,-0.01199822646963336,0.018814751637126207,17596.839330851246,15056.588783135281,20137.08987856721,45661.450685480435,9092.484609701693,82230.41676125917,7610.241780913406,1515.4141016169488,13705.069460209863,63.925113003801016,-222.17619977176446,350.0264257793665,27.1,23.80538642449,30.394613575510004
6,0.5,0,10,5.366848772406523,3.6898107310217236,7.043886813791322,0.0,0.0,0.0,,,,2747.12249149606,-320.47888538599045,5814.723868378111,0.0,0.0,0.0,,,,,,,0.0,0.0,0.0
6,0.5,1,10,4.882921971194313,3.7266064330763014,6.039237509312325,0.483926801212209,-0.26461179668177215,1.2324653991061902,0.483926801212209,-0.26461179668177215,1.2324653991061902,1914.2450710551323,164.40862464166707,3664.0815174685977,832.8774204409278,-654.5042651415511,2320.2591060234067,832.8774204409278,-654.5042651415511,2320.2591060234067,832.8774204409278,-654.5042651415511,2320.2591060234067,0.8,0.4983790449602394,1.1016209550397607
6,0.5,2,10,4.888525178914369,3.7364724402924607,6.040577917536277,0.4783235934921532,-0.27872148763654553,1.2353686746208519,-0.0056032077200557735,-0.09607204565514081,0.08486563021502926,1925.3872234367486,172.75888519994533,3678.015561673552,821.7352680593117,-667.456567056611,2310.927103175234,410.86763402965585,-333.7282835283055,1155.463551587617,-11.142152381616143,-156.67112718359138,134.3868224203591,1.2,0.6357188627848342,1.7642811372151657
6,0.5,3,10,4.81217137103256,3.712443673060125,5.9118990690049955,0.5546774013739618,-0.2486109813910533,1.357965784138977,0.07635380788180858,-0.09971838883222643,0.2524260045958436,1825.4433530480771,144.0996484291204,3506.787057667034,921.6791384479831,-611.129514489856,2454.487791385822,307.22637948266106,-203.7098381632852,818.1625971286073,99.94387038867141,-130.52710801591405,330.41484879325685,1.4,0.631014432271884,2.168985567728116
6,0.5,4,10,4.81217137103256,3.712443673060125,5.9118990690049955,0.5546774013739618,-0.2486109813910533,1.357965784138977,0.0,0.0,0.0,1825.4433530480771,144.0996484291204,3506.787057667034,921.6791384479831,-611.129514489856,2454.487791385822,230.41978461199577,-152.782378622464,613.6219478464556,0.0,0.0,0.0,1.5,0.5920006857357659,2.407999314264234
6,0.5,5,10,4.81217137103256,3.712443673060125,5.9118990690049955,0.5546774013739618,-0.2486109813910533,1.357965784138977,0.0,0.0,0.0,1825.4433530480771,144.0996484291204,3506.787057667034,921.6791384479831,-611.129514489856,2454.487791385822,184.33582768959664,-122.22590289797117,490.8975582771644,0.0,0.0,0.0,1.5,0.5920006857357659,2.407999314264234
6,0.5,6,10,4.81217137103256,3.712443673060125,5.9118990690049955,0.5546774013739618,-0.2486109813910533,1.357965784138977,0.0,0.0,0.0,1825.4433530480771,144.0996484291204,3506.787057667034,921.6791384479831,-611.129514489856,2454.487791385822,153.61318974133053,-101.8549190816426,409.08129856430367,0.0,0.0,0.0,1.5,0.5920006857357659,2.407999314264234
6,1.0,0,10,5.304239926168757,3.907067577482661,6.701412274854853,0.0,0.0,0.0,,,,3842.698004571271,437.3827834272852,7248.013225715257,0.0,0.0,0.0,,,,,,,0.0,0.0,0.0
6,1.0,1,10,4.751596069114479,3.8232010397252134,5.679991098503744,0.5526438570542782,-0.07079286085716152,1.176080574965718,0.5526438570542782,-0.07079286085716152,1.176080574965718,2534.1864347940405,596.0719667691462,4472.300902818934,1308.5115697772312,-258.45358905346234,2875.476728607925,1308.5115697772312,-258.45358905346234,2875.476728607925,1308.5115697772312,-258.45358905346234,2875.476728607925,1.1,0.8737842837201796,1.3262157162798205
6,1.0,2,10,4.738955675281977,3.8289971035204844,5.648914247043469,0.5652842508867792,-0.09001522898063186,1.2205837307541905,0.01264039383250104,-0.060059352378870376,0.08534014004387246,2498.758634590984,627.7963840529983,4369.72088512897,1343.9393699802872,-288.60963084492187,2976.4883708054963,671.9696849901436,-144.30481542246093,1488.2441854027481,35.427800203056314,-108.53480317234076,179.39040357845337,1.7,1.2171708880668164,2.1828291119331835
6,1.0,3,10,4.739038299214328,3.83269116541286,5.645385433015796,0.5652016269544283,-0.10593184259651245,1.236335096505369,-8.262393235085597e-05,-0.04500682010699919,0.044841572242297484,2498.989981601567,639.4918058876692,4358.488157315464,1343.708022969705,-333.4622334701726,3020.878279409583,447.9026743232351,-111.15407782339088,1006.959426469861,-0.23134701058233986,-126.01909629959793,125.55640227843325,2.1,1.3127461949686428,2.8872538050313574
6,1.0,4,10,4.699770626589398,3.8160755995050097,5.5834656536737866,0.6044692995793584,-0.12207565478268034,1.331014253941397,0.03926767262493005,-0.04956197426997045,0.12809731951983055,2409.040498251762,639.8265600265186,4178.254436477006,1433.6575063195094,-378.50972426146564,3245.8247369004844,358.41437657987734,-94.62743106536641,811.4561842251211,89.94948334980427,-113.53038469995332,293.4293513995618,2.4,1.3229977685174041,3.4770022314825955
6,1.0,5,10,4.699770626589398,3.8160755995050097,5.5834656536737866,0.6044692995793584,-0.12207565478268034,1.331014253941397,0.0,0.0,0.0,2409.040498251762,639.8265600265186,4178.254436477006,1433.6575063195094,-378.50972426146564,3245.8247369004844,286.7315012639018,-75.7019448522932,649.1649473800968,0.0,0.0,0.0,2.5,1.2724916462208702,3.72750835377913
6,1.0,6,10,4.699770626589398,3.8160755995050097,5.5834656536737866,0.6044692995793584,-0.12207565478268034,1.331014253941397,0.0,0.0,0.0,2409.040498251762,639.8265600265186,4178.254436477006,1433.6575063195094,-378.50972426146564,3245.8247369004844,238.9429177199182,-63.08495404357771,540.9707894834141,0.0,0.0,0.0,2.6,1.201441166357099,3.9985588336429014
6,2.0,0,10,6.023701526328421,4.993234113590004,7.054168939066837,0.0,0.0,0.0,,,,8602.35019213038,4579.4303608056,12625.27002345516,0.0,0.0,0.0,,,,,,,0.0,0.0,0.0
6,2.0,1,10,5.4904344630528685,4.5211367842784975,6.4597321418272395,0.5332670632755528,0.21016814111479976,0.8563659854363059,0.5332670632755528,0.21016814111479976,0.8563659854363059,6670.417894575116,3331.9207657242814,10008.91502342595,1931.9322975552654,578.2919509638275,3285.572644146703,1931.9322975552654,578.2919509638275,3285.572644146703,1931.9322975552654,578.2919509638275,3285.572644146703,2.0,1.523095396019557,2.476904603980443
6,2.0,2,10,5.106774312046482,4.48135352033537,5.732195103757594,0.9169272142819395,0.25856476750151647,1.5752896610623623,0.38366015100638656,-0.10742611725831819,0.8747464192710913,5370.525562560675,3204.11227745895,7536.938847662401,3231.824629569706,791.6720290460521,5671.97723009336,1615.912314784853,395.83601452302605,2835.98861504668,1299.8923320144402,-377.38703324771336,2977.1716972765935,3.3,2.470542373640658,4.129457626359342
6,2.0,3,10,5.036985160201316,4.459725889861609,5.614244430541023,0.986716366127105,0.21669783183799718,1.756734900416213,0.0697891518451657,-0.07148808856342694,0.21106639225375834,5190.915498676151,3108.9643711121726,7272.86662624013,3411.4346934542286,698.4138719231096,6124.455514985348,1137.144897818076,232.80462397436986,2041.4851716617823,179.61006388452265,-214.8186600192228,574.0387877882681,4.3,3.0817910858691864,5.518208914130813
6,2.0,4,10,5.036985160201316,4.459725889861609,5.614244430541023,0.986716366127105,0.21669783183799718,1.756734900416213,0.0,0.0,0.0,5190.915498676151,3108.9643711121726,7272.86662624013,3411.4346934542286,698.4138719231096,6124.455514985348,852.8586733635572,174.6034679807774,1531.113878746337,0.0,0.0,0.0,5.1,3.502191637095622,6.697808362904377
6,2.0,5,10,5.036985160201316,4.459725889861609,5.614244430541023,0.986716366127105,0.21669783183799718,1.756734900416213,0.0,0.0,0.0,5190.915498676151,3108.9643711121726,7272.86662624013,3411.4346934542286,698.4138719231096,6124.455514985348,682.2869386908457,139.6827743846219,1224.8911029970695,0.0,0.0,0.0,5.4,3.673895189450989,7.126104810549012
6,2.0,6,10,5.036985160201316,4.459725889861609,5.614244430541023,0.986716366127105,0.21669783183799718,1.756734900416213,0.0,0.0,0.0,5190.915498676151,3108.9643711121726,7272.86662624013,3411.4346934542286,698.4138719231096,6124.455514985348,568.572448909038,116.40231198718493,1020.7425858308911,0.0,0.0,0.0,5.5,3.676190588636111,7.323809411363889
6,4.0,0,10,6.030412612175608,5.172809126798825,6.888016097552391,0.0,0.0,0.0,,,,17203.824958753296,10541.666290432877,23865.983627073714,0.0,0.0,0.0,,,,,,,0.0,0.0,0.0
6,4.0,1,10,5.361664334587765,4.663845763554108,6.0594829056214214,0.6687482775878439,0.3954882106455628,0.942008344530125,0.6687482775878439,0.3954882106455628,0.942008344530125,12848.61382804539,7644.27803069826,18052.94962539252,4355.211130707907,2353.61142590105,6356.810835514763,4355.211130707907,2353.61142590105,6356.810835514763,4355.211130707907,2353.61142590105,6356.810835514763,3.7,3.2171708880668164,4.1828291119331835
6,4.0,2,10,5.038233573761327,4.621779100658659,5.454688046863995,0.9921790384142815,0.5005229419916601,1.4838351348369028,0.3234307608264375,-0.017019652618370684,0.6638811742712457,10639.150552148825,7265.040375710518,14013.260728587133,6564.674406604472,3008.669856909078,10120.678956299866,3282.337203302236,1504.334928454539,5060.339478149933,2209.463275896566,-126.00030936254461,4544.926861155676,6.8,5.9878607239127914,7.612139276087208
6,4.0,3,10,4.896445288859511,4.566313841102597,5.226576736616425,1.1339673233160974,0.5531695674572576,1.7147650791749371,0.14178828490181603,0.018501562733827984,0.2650750070698041,9754.344913400797,6967.625158817491,12541.064667984103,7449.4800453524995,3282.29846618203,11616.661624522969,2483.1600151175,1094.0994887273432,3872.2205415076564,884.8056387480268,71.20887139877118,1698.4024060972824,8.6,7.5771535765474765,9.622846423452524
6,4.0,4,10,4.823727177054002,4.5072009720323924,5.140253382075611,1.2066854351216065,0.5748665694997404,1.8385043007434727,0.07271811180550909,-0.026371888400582424,0.17180811201160062,9313.886931565237,6610.004566011736,12017.769297118739,7889.938027188061,3437.472402267238,12342.403652108884,1972.4845067970152,859.3681005668095,3085.600913027221,440.45798183556127,-155.31168574575867,1036.2276494168811,9.4,8.085264737727458,10.714735262272542
6,4.0,5,10,4.78331682496861,4.51716544382891,5.04946820610831,1.2470957872069988,0.5751573636317368,1.9190342107822609,0.04041035208539227,-0.051004215335775246,0.13182491950655978,9030.604114882099,6709.153551803544,11352.054677960652,8173.220843871199,3356.2146354626293,12990.227052279768,1634.6441687742395,671.2429270925255,2598.0454104559535,283.2828166831376,-357.54743617427283,924.1130695405479,10.2,8.662028864543768,11.737971135456231
6,4.0,6,10,4.78331682496861,4.51716544382891,5.04946820610831,1.2470957872069988,0.5751573636317368,1.9190342107822609,0.0,0.0,0.0,9030.604114882099,6709.153551803544,11352.054677960652,8173.220843871199,3356.2146354626293,12990.227052279768,1362.203473978533,559.3691059104382,2165.037842046628,0.0,0.0,0.0,10.6,9.01111302654816,12.18888697345184
6,5.0,0,10,5.826562433812079,5.0609069295821545,6.592217938042003,0.0,0.0,0.0,,,,19758.12617377589,12076.974589183774,27439.277758368007,0.0,0.0,0.0,,,,,,,0.0,0.0,0.0
6,5.0,1,10,5.273987517321006,4.722539164057597,5.825435870584414,0.5525749164910734,0.2606954485892237,0.8444543843929231,0.5525749164910734,0.2606954485892237,0.8444543843929231,15232.073936568771,9695.847613770868,20768.300259366675,4526.05223720712,1950.64935138776,7101.455123026481,4526.05223720712,1950.64935138776,7101.455123026481,4526.05223720712,1950.64935138776,7101.455123026481,4.5,3.9941662808195155,5.005833719180485
6,5.0,2,10,4.970543807686285,4.638703953714239,5.3023836616583315,0.8560186261257945,0.3756237066263317,1.3364135456252573,0.30344370963472106,0.05380097511756779,0.5530864441518744,12630.898428869164,9140.097887835293,16121.698969903036,7127.227744906729,2703.8385568571866,11550.61693295627,3563.6138724533644,1351.9192784285933,5775.308466478135,2601.1755076996083,270.5815644831482,4931.769450916068,8.5,7.474377868802519,9.525622131197482
6,5.0,3,10,4.935817493407934,4.591689240897906,5.279945745917963,0.8907449404041445,0.42167703856717914,1.35981284224111,0.034726314278350046,-0.05049526415620065,0.11994789271290074,12451.074547213222,8800.699964521273,16101.449129905172,7307.05162656267,3072.2389544527323,11541.864298672608,2435.683875520891,1024.0796514842452,3847.288099557537,179.8238816559424,-522.9213182302723,882.569081542157,10.7,9.190011270568592,12.209988729431407
6,5.0,4,10,4.845905069805879,4.554878700650196,5.136931438961563,0.9806573640061993,0.3917092357998827,1.5696054922125158,0.08991242360205494,-0.072111280179756,0.2519361273838659,11706.604289474997,8475.681713409558,14937.526865540436,8051.521884300893,2873.598063482971,13229.445705118815,2012.8804710752233,718.3995158707428,3307.3614262797037,744.470257738222,-597.7760200739988,2086.716535550443,11.9,9.949640912112656,13.850359087887345
6,5.0,5,10,4.804000773462009,4.5564030798463016,5.051598467077717,1.0225616603500696,0.4158372336689956,1.6292860870311436,0.04190429634387005,-0.03383853425666629,0.11764712694440639,11351.179854569478,8548.257559423764,14154.102149715192,8406.946319206414,3002.0037247608443,13811.888913651983,1681.3892638412829,600.4007449521689,2762.3777827303966,355.4244349055214,-320.86881175578486,1031.7176815668277,12.6,10.38354769326492,14.81645230673508
6,5.0,6,10,4.804000773462009,4.5564030798463016,5.051598467077717,1.0225616603500696,0.4158372336689956,1.6292860870311436,0.0,0.0,0.0,11351.179854569478,8548.257559423764,14154.102149715192,8406.946319206414,3002.0037247608443,13811.888913651983,1401.157719867736,500.3339541268077,2301.981485608664,0.0,0.0,0.0,13.0,10.639442643824406,15.360557356175594
6,6.0,0,10,5.748362070047335,4.9978630776064445,6.498861062488226,0.0,0.0,0.0,,,,21713.29704221263,13632.324743098348,29794.269341326915,0.0,0.0,0.0,,,,,,,0.0,0.0,0.0
6,6.0,1,10,5.127219367217474,4.6825298517779,5.571908882657048,0.6211427028298605,0.2788747081175732,0.9634106975421478,0.6211427028298605,0.2788747081175732,0.9634106975421478,16044.05464286879,11059.694774543383,21028.414511194198,5669.242399343842,2191.1296001407522,9147.355198546933,5669.242399343842,2191.1296001407522,9147.355198546933,5669.242399343842,2191.1296001407522,9147.355198546933,5.3,4.621352851160538,5.978647148839461
6,6.0,2,10,4.976209843558062,4.578994413451237,5.373425273664888,0.7721522264892725,0.36656539806098665,1.1777390549175584,0.151009523659412,0.0018957051252085633,0.30012334219361547,14606.81980620119,10357.546421257688,18856.093191144693,7106.477236011441,2953.129508150547,11259.824963872336,3553.2386180057206,1476.5647540752734,5629.912481936168,1437.2348366675974,37.16588102211358,2837.3037923130814,9.8,8.593516179840957,11.006483820159044
6,6.0,3,10,4.835964654701758,4.581992821709683,5.0899364876938336,0.912397415345577,0.33322696987368117,1.4915678608174727,0.14024518885630446,-0.0528434154182168,0.33333379313082573,13264.443679651933,10270.284375201403,16258.602984102463,8448.8533625607,2628.4879926844706,14269.21873243693,2816.2844541869,876.1626642281565,4756.4062441456435,1342.3761265492599,-487.28546917550443,3172.0377222740244,12.9,11.412776223085258,14.387223776914743
6,6.0,4,10,4.823031522737584,4.563064085859601,5.082998959615567,0.9253305473097511,0.34680225577614554,1.5038588388433567,0.012933131964174205,-0.016732729171299768,0.04259899309964818,13194.861912630071,10146.56788063829,16243.155944621853,8518.435129582562,2760.8520949720296,14276.018164193094,2129.6087823956404,690.2130237430074,3569.0045410482735,69.58176702186174,-195.7116850765531,334.8752191202766,14.8,12.810673173513027,16.789326826486974
6,6.0,5,10,4.815335122398139,4.553934155398468,5.0767360893978095,0.9330269476491966,0.3510356194171629,1.5150182758812303,0.007696400339445475,-0.00971406681619364,0.02510686749508459,13139.437189303504,10080.039139574212,16198.835239032796,8573.859852909129,2794.6432714589646,14353.076434359293,1714.7719705818258,558.9286542917928,2870.615286871859,55.42472332656507,-69.95471154273285,180.804158195863,15.3,13.192696752876218,17.407303247123785
6,6.0,6,10,4.815335122398139,4.553934155398468,5.0767360893978095,0.9330269476491966,0.3510356194171629,1.5150182758812303,0.0,0.0,0.0,13139.437189303504,10080.039139574212,16198.835239032796,8573.859852909129,2794.6432714589646,14353.076434359293,1428.976642151521,465.77387857649364,2392.1794057265483,0.0,0.0,0.0,15.8,13.468526596545425,18.131473403454578
6,8.0,0,10,7.4810231933132485,5.717004361530887,9.24504202509561,0.0,0.0,0.0,,,,49837.173394205085,24713.985394850908,74960.36139355926,0.0,0.0,0.0,,,,,,,0.0,0.0,0.0
6,8.0,1,10,5.426738125919644,5.081220084318419,5.772256167520869,2.0542850673936046,0.5550938799235254,3.553476254863684,2.0542850673936046,0.5550938799235254,3.553476254863684,23814.22649822799,18643.169929473657,28985.28306698232,26022.946895977093,5221.219442293634,46824.67434966055,26022.946895977093,5221.219442293634,46824.67434966055,26022.946895977093,5221.219442293634,46824.67434966055,7.0,6.325555041092688,7.674444958907312
6,8.0,2,10,5.061355712660596,4.806202118384228,5.316509306936965,2.4196674806526524,0.7689458481339502,4.0703891131713545,0.36538241325904774,0.16752079146404425,0.5632440350540513,19482.00226238461,15882.817489338084,23081.187035431132,30355.171131820476,7580.811884149731,53129.53037949122,15177.585565910238,3790.4059420748654,26564.76518974561,4332.224235843382,1883.9537465220378,6780.494725164726,12.1,10.774496865328087,13.425503134671912
6,8.0,3,10,4.898688225358217,4.699885968309432,5.097490482407003,2.582334967955032,0.8839276347510574,4.280742301159007,0.1626674873023795,0.04652885320464194,0.27880612140011707,17671.113279944275,14643.682279176124,20698.544280712427,32166.06011426081,8845.41267869914,55486.70754982248,10722.020038086937,2948.4708928997143,18495.56918327416,1810.8889824403334,540.9764670175364,3080.8014978631304,15.6,13.777750066827535,17.422249933172463
6,8.0,4,10,4.849814462907762,4.611084222787783,5.0885447030277415,2.6312087304054863,0.8860690830326088,4.376348377778363,0.048873762450454536,-0.037386395288939694,0.13513392018984877,17131.580190094402,13805.604204616666,20457.55617557214,32705.59320411068,8927.644635701196,56483.54177252016,8176.39830102767,2231.911158925299,14120.88544313004,539.5330898498705,-433.5760940181501,1512.6422737178912,18.4,15.987032359681914,20.812967640318085
6,8.0,5,10,4.853702103069447,4.615814143353142,5.091590062785753,2.627321090243801,0.8817631162946298,4.372879064192972,-0.003887640161685635,-0.010411518555937044,0.0026362382325657756,17182.79828576338,13850.274689774542,20515.321881752217,32654.375108441705,8868.605237345317,56440.14497953809,6530.875021688341,1773.7210474690637,11288.028995907618,-51.218095668974094,-138.11935680159158,35.6831654636434,20.0,17.239715043066315,22.760284956933685
6,8.0,6,10,4.853702103069447,4.615814143353142,5.091590062785753,2.627321090243801,0.8817631162946298,4.372879064192972,0.0,0.0,0.0,17182.79828576338,13850.274689774542,20515.321881752217,32654.375108441705,8868.605237345317,56440.14497953809,5442.395851406951,1478.100872890886,9406.690829923016,0.0,0.0,0.0,20.7,17.798122676947052,23.601877323052946
6,10.0,0,10,5.362900529076993,4.804208852162038,5.9215922059919475,0.0,0.0,0.0,,,,27603.7916213203,18875.82926656175,36331.75397607885,0.0,0.0,0.0,,,,,,,0.0,0.0,0.0
6,10.0,1,10,4.856917976871087,4.535568767109619,5.178267186632556,0.5059825522059053,0.1921160061879763,0.8198490982238342,0.5059825522059053,0.1921160061879763,0.8198490982238342,20401.640709479718,15630.193287313468,25173.088131645967,7202.150911840584,2360.320089313316,12043.981734367851,7202.150911840584,2360.320089313316,12043.981734367851,7202.150911840584,2360.320089313316,12043.981734367851,8.0,7.415913532131915,8.584086467868085
6,10.0,2,10,4.703823586667005,4.417168348265573,4.990478825068436,0.6590769424099873,0.30044309878023423,1.0177107860397403,0.15309439020408194,0.08864276867023124,0.21754601173793264,18467.168671311116,14188.215918312784,22746.121424309447,9136.622950009183,3651.5354472550753,14621.710452763291,4568.311475004592,1825.7677236275376,7310.8552263816455,1934.4720381686006,1043.4079740136995,2825.536102323502,13.8,12.79963646322446,14.800363536775542
6,10.0,3,10,4.628569609255098,4.385139029218725,4.87200018929147,0.7343309198218944,0.3139027988635446,1.1547590407802442,0.07525397741190716,-0.013234201691425293,0.1637421565152396,17450.97973831129,13691.014831924973,21210.944644697607,10152.81188300901,3891.3080385439553,16414.315727474066,3384.270627669671,1297.1026795146531,5471.438575824688,1016.1889329998269,-140.73732875452652,2173.1151947541803,17.4,15.741084747281315,19.05891525271868
6,10.0,4,10,4.596924908241563,4.4056216311624565,4.78822818532067,0.7659756208354296,0.3320082215468196,1.1999430201240395,0.031644701013535226,-0.025883074754850258,0.08917247678192071,17000.166983572308,14001.241558578738,19999.092408565877,10603.624637747991,4118.839290661785,17088.409984834198,2650.9061594369978,1029.7098226654462,4272.102496208549,450.8127547389806,-394.49859658936526,1296.1241060673265,20.0,17.84072256840309,22.15927743159691
6,10.0,5,10,4.588634761338507,4.4118212946390605,4.765448228037953,0.7742657677384852,0.3386006966385477,1.2099308388384227,0.008290146903055629,-0.012844519257323501,0.02942481306343476,16903.118986256606,14090.07642458094,19716.16154793227,10700.67263506369,4183.054514905951,17218.29075522143,2140.134527012738,836.6109029811901,3443.658151044286,97.0479973156991,-159.06629795468496,353.16229258608314,21.5,19.109523105611395,23.890476894388605
6,10.0,6,10,4.588634761338507,4.4118212946390605,4.765448228037953,0.7742657677384852,0.3386006966385477,1.2099308388384227,0.0,0.0,0.0,16903.118986256606,14090.07642458094,19716.16154793227,10700.67263506369,4183.054514905951,17218.29075522143,1783.445439177282,697.1757524843256,2869.7151258702384,0.0,0.0,0.0,22.4,19.554513601122004,25.245486398877993
6,11.0,0,10,5.514001603694806,4.592642876086309,6.435360331303302,0.0,0.0,0.0,,,,34033.60820990212,16601.448042317683,51465.76837748656,0.0,0.0,0.0,,,,,,,0.0,0.0,0.0
6,11.0,1,10,4.768067647894263,4.47633715370059,5.059798142087936,0.7459339558005434,0.01663526845071084,1.4752326431503762,0.7459339558005434,0.01663526845071084,1.4752326431503762,21883.66749893974,16672.466604085395,27094.868393794084,12149.940710962388,-1314.3548741097438,25614.23629603452,12149.940710962388,-1314.3548741097438,25614.23629603452,12149.940710962388,-1314.3548741097438,25614.23629603452,8.8,8.34756856744036,9.252431432559641
6,11.0,2,10,4.593464955474394,4.397596131952513,4.789333778996275,0.920536648220412,0.04706323537443946,1.7940100610663845,0.17460269241986842,0.010766909445452694,0.3384384753942842,19064.93895344375,15836.590842124613,22293.287064762888,14968.66925645838,-1089.9389367560398,31027.277449672798,7484.33462822919,-544.9694683780199,15513.638724836399,2818.728545495994,-78.64527860918861,5716.102369601176,14.7,13.870542373640658,15.52945762635934
6,11.0,3,10,4.502086666374413,4.350659133474414,4.653514199274412,1.0119149373203922,0.1168149650634559,1.9070149095773283,0.09137828909998032,0.01777662247561905,0.1649799557243416,17751.93295653753,15060.053317172707,20443.812595902353,16281.675253364598,-82.52062398089947,32645.871130710097,5427.225084454867,-27.506874660300127,10881.957043570033,1313.0059969062181,254.3922292935531,2371.619764518883,18.6,17.374809888807004,19.825190111193
6,11.0,4,10,4.484556191548178,4.323371518771695,4.645740864324661,1.0294454121466277,0.12593966523191136,1.932951159061344,0.017530474826235487,-0.003513223312545541,0.038574172965016515,17506.346374963174,14766.617963620989,20246.07478630536,16527.26183493896,28.966193272761302,33025.55747660516,4131.81545873474,7.2415483181903255,8256.38936915129,245.58658157435767,-56.2636378005744,547.4368009492897,21.2,19.520645595446865,22.879354404553133
6,11.0,5,10,4.485397743337046,4.325235623100362,4.64555986357373,1.0286038603577599,0.124805758507185,1.9324019622083348,-0.0008415517888678004,-0.0027452741959207373,0.0010621706181851366,17520.147824300606,14794.751754665056,20245.543893936156,16513.460385601524,10.456941391057626,33016.46382981199,3302.6920771203054,2.091388278211525,6603.292765962399,-13.801449337431404,-45.022496813098385,17.419598138235582,22.5,20.497852459764086,24.502147540235914
6,11.0,6,10,4.486260333920635,4.325449916918039,4.6470707509232305,1.0277412697741706,0.12413216417073702,1.9313503753776042,-0.0008625905835893732,-0.002813906050818358,0.0010887248836396113,17533.949273638038,14803.259401759242,20264.639145516834,16499.658936264095,-1.6725348128275073,33000.990407341014,2749.943156044016,-0.27875580213731155,5500.16506789017,-13.801449337431404,-45.022496813098385,17.419598138235582,23.9,21.601685926567022,26.198314073432975
6,12.0,0,10,5.418134386445476,4.514493465085961,6.321775307804991,0.0,0.0,0.0,,,,35640.84364917687,16718.080272908635,54563.60702544511,0.0,0.0,0.0,,,,,,,0.0,0.0,0.0
6,12.0,1,10,4.719475423945257,4.445307748351549,4.993643099538964,0.6986589625002193,-0.10362392449391356,1.5009418494943523,0.6986589625002193,-0.10362392449391356,1.5009418494943523,22879.63619774678,17987.224354587997,27772.04804090556,12761.207451430095,-3641.561839461683,29163.976742321873,12761.207451430095,-3641.561839461683,29163.976742321873,12761.207451430095,-3641.561839461683,29163.976742321873,8.8,8.14263236886373,9.457367631136272
6,12.0,2,10,4.557894944871199,4.369090584850402,4.7466993048919965,0.8602394415742772,-0.025738585874581443,1.746217469023136,0.16158047907405795,0.030833964635175543,0.29232699351294034,20127.361229578608,16811.676286476137,23443.04617268108,15513.482419598266,-2394.6728931954895,33421.63773239202,7756.741209799133,-1197.3364465977447,16710.81886619601,2752.2749681681717,451.02492237698243,5053.525013959361,15.0,14.046190792039114,15.953809207960886
6,12.0,3,10,4.513283582226172,4.357194277701642,4.669372886750701,0.9048508042193042,0.027453385206145042,1.7822482232324632,0.044611362645026895,-0.023439067601448607,0.1126617928915024,19492.775896286734,16486.58611888073,22498.96567369274,16148.067752890143,-1521.5461668856224,33817.68167266591,5382.689250963381,-507.1820556285411,11272.560557555302,634.5853332918748,-436.40531395786684,1705.5759805416164,19.6,18.01111302654816,21.188886973451844
6,12.0,4,10,4.505624538333307,4.344183042872858,4.6670660337937555,0.912509848112169,0.034312810715477204,1.7907068855088606,0.007659043892864847,-0.002044170595969768,0.017362258381699462,19367.864596517586,16335.208834313584,22400.520358721587,16272.979052659293,-1425.199513986574,33971.15761930516,4068.2447631648233,-356.2998784966435,8492.78940482629,124.91129976914962,-29.70770643090816,279.5303059692074,22.1,20.301304481447627,23.898695518552376
6,12.0,5,10,4.506408711591115,4.345940847968277,4.666876575213954,0.9117256748543607,0.03327203150164382,1.7901793182070778,-0.0007841732578085292,-0.0025580964098348966,0.0009897498942178385,19381.666045855018,16364.198130444613,22399.133961265423,16259.17760332186,-1443.5715609702056,33961.92676761393,3251.835520664372,-288.71431219404167,6792.385353522785,-13.801449337431222,-45.0224968130978,17.419598138235358,23.2,20.749619777614008,25.65038022238599
6,12.0,6,10,4.507201898334646,4.345972528508595,4.668431268160697,0.91093248811083,0.032647065192480396,1.7892179110291797,-0.0007931867435304163,-0.00258749981684433,0.0010011263297834974,19395.467495192446,16370.841937719224,22420.09305266567,16245.37615398443,-1455.9963090113743,33946.748616980236,2707.562692330738,-242.6660515018957,5657.791436163372,-13.801449337431404,-45.022496813098385,17.419598138235582,24.9,22.52862812235476,27.271371877645237
7,0.5,0,10,7.319861961132911,4.837658638877151,9.802065283388671,0.0,0.0,0.0,,,,6121.095420153107,-398.7109679178402,12640.901808224055,0.0,0.0,0.0,,,,,,,0.0,0.0,0.0
7,0.5,1,10,6.251563787606688,4.140929681290963,8.362197893922414,1.0682981735262242,0.5425637219315199,1.5940326251209287,1.0682981735262242,0.5425637219315199,1.5940326251209287,4661.511874280185,-524.7135116237177,9847.737260184087,1459.5835458729218,111.67070731677563,2807.496384429068,1459.5835458729218,111.67070731677563,2807.496384429068,1459.5835458729218,111.67070731677563,2807.496384429068,0.9,0.6737842837201795,1.1262157162798205
7,0.5,2,10,5.482419432764354,3.91792478390916,7.046914081619549,1.8374425283685578,0.7534787995896972,2.921406257147418,0.7691443548423337,0.04242179381954447,1.4958669158651228,3149.73687604522,-539.7493708778543,6839.223122968295,2971.3585441078867,22.504564043154915,5920.212524172619,1485.6792720539434,11.252282021577457,2960.1062620863095,1511.7749982349649,-194.4667833732292,3218.016779843159,1.7,1.2171708880668164,2.1828291119331835
7,0.5,3,10,5.109758194607788,3.9235444840443976,6.295971905171179,2.2101037665251235,0.6750747191206119,3.745132813929635,0.3726612381565657,-0.12659697777400886,0.8719194540871402,2346.8394756233406,-211.3921632752158,4905.0711145218975,3774.2559445297657,-252.55917732874832,7801.07106638828,1258.0853148432552,-84.1863924429158,2600.3570221294262,802.8974004218794,-350.96850698768003,1956.7633078314389,2.4,1.631014432271884,3.168985567728116
7,0.5,4,10,4.869577190674722,3.9032547521273404,5.835899629222103,2.4502847704581896,0.6080431632958232,4.292526377620556,0.24018100393306618,-0.07981824414664807,0.5601802520127804,1829.3989485051836,-12.058453366817048,3670.8563503771843,4291.696471647922,-457.1753149328306,9040.568258228675,1072.9241179119806,-114.29382873320765,2260.142064557169,517.4405271181565,-217.62045304932383,1252.5015072856368,2.8,1.7996364632244584,3.8003635367755413
7,0.5,5,10,4.740803012517516,3.8876944287540005,5.59391159628103,2.5790589486153954,0.5371580927874025,4.620959804443388,0.12877417815720538,-0.07416931324660431,0.33171766956101506,1530.2663241634996,140.87317282394883,2919.65947550305,4590.829095989607,-630.8311539504411,9812.489345929655,918.1658191979212,-126.16623079008798,1962.4978691859305,299.13262434168405,-178.03539776496757,776.3006464483357,3.1,1.8632621301474903,4.336737869852509
7,0.5,6,10,4.685591457517521,3.8977391718869727,5.47344374314807,2.63427050361539,0.4899638464394367,4.778577160791343,0.0552115549999948,-0.07210651914104546,0.18252962914103507,1419.9808143857342,263.09318322800436,2576.868445543464,4701.114605767372,-734.1669046848374,10136.396116219581,783.5191009612286,-122.36115078080627,1689.3993527032635,110.28550977776538,-144.03333182286102,364.6043513783918,3.2,1.8595671556351019,4.540432844364899
7,1.0,0,10,8.587382737499833,6.207991298880689,10.966774176118978,0.0,0.0,0.0,,,,12742.684679295304,3596.0983231410974,21889.27103544951,0.0,0.0,0.0,,,,,,,0.0,0.0,0.0
7,1.0,1,10,7.317457063672888,5.275856884142224,9.359057243203551,1.2699256738269438,0.759460434414263,1.7803909132396245,1.2699256738269438,0.759460434414263,1.7803909132396245,9661.714926062552,2239.670591671681,17083.759260453422,3080.9697532327505,1133.2296428315947,5028.709863633906,3080.9697532327505,1133.2296428315947,5028.709863633906,3080.9697532327505,1133.2296428315947,5028.709863633906,1.8,1.4983790449602394,2.1016209550397607
7,1.0,2,10,6.020826412606855,4.7834960367747605,7.258156788438949,2.5665563248929786,1.3065345233917978,3.8265781263941596,1.2966306510660348,0.42050352172079875,2.172757780411271,6263.677718601169,1928.2759263767393,10599.079510825599,6479.006960694133,1602.1543522477632,11355.859569140503,3239.5034803470667,801.0771761238816,5677.929784570251,3398.0372074613833,241.8222950166146,6554.252119906152,3.0,2.523095396019557,3.476904603980443
7,1.0,3,10,5.608770514150413,4.55932225501315,6.658218773287675,2.97861222334942,1.5740115626407187,4.383212884058121,0.4120558984564412,0.15544790864920865,0.6686638882636737,5147.138735454663,1422.2347171826455,8872.04275372668,7595.54594384064,2099.2219196350898,13091.86996804619,2531.8486479468797,699.7406398783628,4363.956656015396,1116.5389831465059,359.4143296976198,1873.6636365953918,3.9,3.372163328680419,4.427836671319581
7,1.0,4,10,5.117072809341171,4.423482401586641,5.810663217095701,3.4703099281586622,1.7016397800159189,5.238980076301406,0.49169770480924246,0.07440339430510284,0.9089920153133821,3717.708126992692,1249.6992453314383,6185.717008653946,9024.97655230261,2252.655427321024,15797.297677284198,2256.2441380756527,563.163856830256,3949.3244193210494,1429.43060846197,35.27296952327788,2823.588247400662,4.6,3.8310144322718838,5.3689855677281155
7,1.0,5,10,4.886076635351291,4.2757817632129855,5.496371507489596,3.701306102148542,1.8199552519244389,5.582656952372645,0.2309961739898796,0.08730186164737339,0.3746904863323858,3113.617795527044,939.6759158904979,5287.55967516359,9629.066883768257,2502.588170647723,16755.54559688879,1925.8133767536517,500.51763412954483,3351.1091193777584,604.0903314656482,198.19845157244993,1009.9822113588465,5.3,4.343214781038389,6.25678521896161
7,1.0,6,10,4.735011036593066,4.250801278525622,5.219220794660511,3.8523717009067666,1.7882177802134134,5.91652562160012,0.15106559875822462,-0.03877075141412867,0.3409019489305779,2627.0428803177456,957.2298913521756,4296.855869283316,10115.641798977558,2414.6274625472597,17816.65613540786,1685.9402998295925,402.4379104245429,2969.442689234642,486.57491520929864,-104.91893228002311,1078.0687626986205,5.9,4.7101254023728165,7.089874597627184
7,2.0,0,10,9.8130029066785,7.480626950496152,12.145378862860849,0.0,0.0,0.0,,,,30051.197829627275,16578.893067366327,43523.502591888224,0.0,0.0,0.0,,,,,,,0.0,0.0,0.0
7,2.0,1,10,8.099821176873919,6.400849090173819,9.798793263574018,1.7131817298045804,0.8736853042621398,2.552678155347021,1.7131817298045804,0.8736853042621398,2.552678155347021,21355.059210476524,12150.331934042479,30559.78648691057,8696.138619150757,3495.0025825878556,13897.27465571366,8696.138619150757,3495.0025825878556,13897.27465571366,8696.138619150757,3495.0025825878556,13897.27465571366,2.9,2.6737842837201793,3.1262157162798205
7,2.0,2,10,6.768751826761607,5.834556095206796,7.702947558316417,3.0442510799168923,1.5001410216541815,4.588361138179603,1.3310693501123116,0.4399922780471086,2.2221464221775147,14679.69747358078,9257.667536764679,20101.72741039688,15371.500356046494,6543.954304309611,24199.046407783375,7685.750178023247,3271.9771521548055,12099.523203891687,6675.361736895739,2151.0677780058213,11199.655695785657,5.3,4.7110662584135135,5.888933741586486
7,2.0,3,10,6.11553188266745,5.2548472865777756,6.976216478757125,3.697471024011049,2.0917388790059928,5.303203169016105,0.6532199440941573,0.3012759737159372,1.0051639144723774,11553.379919700408,6903.009127719277,16203.75071168154,18497.817909926867,9127.289022587045,27868.34679726669,6165.939303308956,3042.4296741956823,9289.44893242223,3126.3175538803757,1207.907763969037,5044.727343791715,7.2,6.46118256442164,7.93881743557836
7,2.0,4,10,5.4919866590941435,4.961798431300957,6.02217488688733,4.321016247584355,2.4524837204176864,6.189548774751024,0.6235452235733061,0.2349594639766448,1.0121309831699674,8559.30671541543,5523.452099005617,11595.161331825244,21491.891114211845,10826.755733492044,32157.026494931648,5372.972778552961,2706.688933373011,8039.256623732912,2994.073204284977,1033.3751303263948,4954.771278243559,9.2,8.199636463224458,10.20036353677554
7,2.0,5,10,5.142442123912812,4.786275485312045,5.49860876251358,4.670560782765686,2.627883917281013,6.7132376482503595,0.34954453518133094,0.1409786764196594,0.5581103939430025,6877.692329455475,4735.657113917344,9019.727544993606,23173.505500171796,11596.792184606295,34750.218815737295,4634.70110003436,2319.3584369212604,6950.04376314746,1681.6143859599536,611.9023474181454,2751.3264245017617,10.9,9.758911678514945,12.041088321485056
7,2.0,6,10,4.94483472144139,4.64982081750458,5.239848625378201,4.868168185237109,2.759409129964166,6.976927240510053,0.1976074024714234,0.09447896953191022,0.30073583541093657,5956.329645028877,4123.628833142625,7789.030456915129,24094.8681845984,12122.251643262212,36067.484725934584,4015.8113640997326,2020.3752738770347,6011.247454322431,921.3626844266012,428.41119168637357,1414.3141771668288,12.4,11.085264737727458,13.714735262272542
7,4.0,0,10,12.385922445031852,6.877050051470161,17.894794838593544,0.0,0.0,0.0,,,,85051.68770089153,14362.452183148445,155740.92321863462,0.0,0.0,0.0,,,,,,,0.0,0.0,0.0
7,4.0,1,10,8.87857970821957,6.225569066117975,11.531590350321165,3.5073427368122827,0.5712360480497343,6.443449425574832,3.5073427368122827,0.5712360480497343,6.443449425574832,49422.26594707572,15333.008239735202,83511.52365441623,35629.42175381581,-1443.9480768576905,72702.79158448931,35629.42175381581,-1443.9480768576905,72702.79158448931,35629.42175381581,-1443.9480768576905,72702.79158448931,5.1,4.473637044327646,5.726362955672354
7,4.0,2,10,7.04322118106637,5.725886819395796,8.360555542736943,5.342701263965481,1.0732973800584125,9.612105147872551,1.8353585271531976,0.45284772274067375,3.2178693315657214,31311.255020166056,14292.608593905887,48329.90144642623,53740.43268072549,-408.05092004213657,107888.91628149312,26870.216340362746,-204.02546002106828,53944.45814074656,18111.010926909672,756.0502232494837,35465.97163056986,9.6,8.831014432271884,10.368985567728116
7,4.0,3,10,5.875962158267176,5.243274096751764,6.508650219782587,6.509960286764676,1.5293320639604282,11.490588509568925,1.1672590227991955,0.42241465689972213,1.912103388698669,20279.60159917954,12276.494268228687,28282.708930130393,64772.08610171198,1357.5412009905922,128186.63100243337,21590.69536723733,452.51373366353073,42728.87700081113,11031.65342098651,1606.835222666703,20456.471619306314,13.6,12.695137134880717,14.504862865119282
7,4.0,4,10,5.246320492896326,4.825578532898771,5.667062452893882,7.139601952135524,1.9357721835035342,12.343431720767514,0.6296416653708485,0.35547875446151367,0.9038045762801834,14496.335946065694,9373.960344499901,19618.711547631487,70555.35175482582,4223.103120774787,136887.60038887686,17638.837938706456,1055.7757801936968,34221.900097219215,5783.265653113841,2571.3694545544413,8995.161851673241,17.0,15.609596097879894,18.390403902120106
7,4.0,5,10,4.875135600927365,4.57252457706271,5.17774662479202,7.510786844104485,2.2024048255336437,12.819168862675326,0.37118489196896187,0.20665756118960768,0.5357122227483161,11059.648238435087,7500.685044570735,14618.61143229944,73992.03946245644,6241.752339904677,141742.32658500818,14798.40789249129,1248.3504679809357,28348.465317001646,3436.687707630606,1575.793919275811,5297.581495985401,19.8,17.839463792241556,21.760536207758445
7,4.0,6,10,4.685118561144376,4.4314189111123214,4.938818211176431,7.700803883887476,2.401675403038343,12.999932364736608,0.19001703978298873,0.027023853207591014,0.3530102263583864,9442.193188499989,6285.057049307309,12599.329327692667,75609.49451239154,7800.694034665605,143418.2949901175,12601.582418731923,1300.1156724442662,23903.04916501958,1617.4550499350996,373.5818446101987,2861.3282552600003,22.0,19.921221025539964,24.078778974460036
7,5.0,0,10,15.972060239282134,5.580809512645924,26.363310965918345,0.0,0.0,0.0,,,,151537.93575455272,-2799.856402454636,305875.7279115601,0.0,0.0,0.0,,,,,,,0.0,0.0,0.0
7,5.0,1,10,9.801761316835185,5.60031044306064,14.00321219060973,6.1702989224469516,-0.056110745166281006,12.396708590060184,6.1702989224469516,-0.056110745166281006,12.396708590060184,73381.64464828133,10684.88894422596,136078.4003523367,78156.2911062714,-13799.1481442886,170111.7303568314,78156.2911062714,-13799.1481442886,170111.7303568314,78156.2911062714,-13799.1481442886,170111.7303568314,6.5,5.531402170478794,7.468597829521206
7,5.0,2,10,7.261415101278084,5.547467577481445,8.975362625074723,8.71064513800405,-0.0248469786558978,17.446137254664,2.5403462155570997,0.019667697975791487,5.061024733138408,41505.35107552873,15595.336566590664,67415.3655844668,110032.58467902397,-18840.036464057717,238905.20582210566,55016.29233951199,-9420.018232028859,119452.60291105283,31876.2935727526,-5140.265014576005,68892.85216008121,11.6,10.760322797723433,12.439677202276567
7,5.0,3,10,6.007994354230022,5.247697046716613,6.768291661743431,9.964065885052115,0.2245911609541995,19.703540609150032,1.2534207470480634,0.23238539479531917,2.2744560993008074,26419.086165949957,15137.920086250908,37700.252245649004,125118.84958860275,-18916.095100676263,269153.79427788174,41706.28319620092,-6305.365033558759,89717.9314259606,15086.26490957877,-173.77474031591555,30346.304559473454,16.5,15.227013056136702,17.772986943863298
7,5.0,4,10,5.298211696506086,4.834125627328702,5.76229776568347,10.67384854277605,0.6840327393656498,20.66366434618645,0.709782657723935,0.3727468160674791,1.0468184993803908,18494.548890939164,11381.777757168376,25607.320024709952,133043.38686361356,-14834.979900836886,280921.753628064,33260.84671590339,-3708.7449752092216,70230.438407016,7924.537275010791,3454.2103624033252,12394.864187618256,21.0,19.454652461862928,22.545347538137072
7,5.0,5,10,4.843218831387918,4.570854698597305,5.115582964178531,11.12884140789422,0.9192749336345525,21.338407882153888,0.45499286511816867,0.21282721741377608,0.6971585128225612,13406.28401627328,9248.550503058934,17564.017529487624,138131.65173827944,-12986.544258950482,289249.8477355094,27626.330347655887,-2597.308851790094,57849.969547101864,5088.264874665887,1678.5556876791738,8497.9740616526,24.9,22.62656018784503,27.173439812154967
7,5.0,6,10,4.6700211609376545,4.471073080889169,4.86896924098614,11.302039078344482,1.0343694176325506,21.569708739056413,0.17319767045026274,0.0601600019611796,0.2862353389393459,11434.275841838178,8435.171187336218,14433.380496340138,140103.65991271456,-11949.23496094576,292156.5547863749,23350.609985452425,-1991.539160157623,48692.75913106247,1972.0081744351005,589.7598174008863,3354.2565314693147,27.8,24.962517798128047,30.637482201871954
7,6.0,0,10,23.378508017502103,12.118946638737553,34.63806939626665,0.0,0.0,0.0,,,,273124.18520351185,84005.79748960806,462242.57291741564,0.0,0.0,0.0,,,,,,,0.0,0.0,0.0
7,6.0,1,10,10.829151113300458,5.10448269463755,16.553819531963367,12.549356904201645,6.36696569833943,18.731748110063858,12.549356904201645,6.36696569833943,18.731748110063858,100210.22742025973,4600.298897715504,195820.15594280395,172913.9577832521,72401.02650621915,273426.88906028506,172913.9577832521,72401.02650621915,273426.88906028506,172913.9577832521,72401.02650621915,273426.88906028506,7.9,6.80987910909812,8.990120890901881
7,6.0,2,10,7.249996610033504,5.376662920499737,9.123330299567272,16.1285114074686,6.624165262905711,25.63285755203149,3.5791545032669534,-0.3233287156690907,7.481637722202997,48054.56472947923,16503.799520605102,79605.32993835336,225069.62047403265,66320.44169362393,383818.7992544414,112534.81023701633,33160.220846811964,191909.3996272207,52155.66269078052,-12399.0973658863,116710.42274744733,14.0,12.98833256163903,15.01166743836097
7,6.0,3,10,5.986216349951625,5.173341041691529,6.7990916582117205,17.392291667550474,6.882424532526475,27.902158802574473,1.263780260081878,0.16833433614425597,2.3592261840194997,30209.72655753942,16500.040308571843,43919.412806506996,242914.45864597242,66917.48831311337,418911.4289788315,80971.48621532414,22305.82943770446,139637.14299294382,17844.83817193981,-441.55675869311744,36131.23310257273,19.8,18.120645595446867,21.479354404553135
7,6.0,4,10,5.316450415310348,4.867058616094025,5.76584221452667,18.062057602191754,7.21644258660557,28.907672617777937,0.6697659346412771,0.2838749013285479,1.0556569679540062,21373.00869293062,13783.157655610548,28962.85973025069,251751.17651058122,69891.7405236786,433610.61249748385,62937.794127645306,17472.93513091965,108402.65312437096,8836.7178646088,2490.9497470597307,15182.485982157868,24.6,22.84126272068586,26.35873727931414
7,6.0,5,10,4.905244948334007,4.632213001281954,5.178276895386059,18.47326306916809,7.449642476875011,29.49688366146117,0.41120546697634186,0.21626232915112623,0.6061486048015575,16119.853865413868,11455.793945694064,20783.91378513367,257004.33133809795,72283.86970025284,441724.79297594307,51400.866267619596,14456.773940050582,88344.95859518861,5253.154827516754,2201.17875344418,8305.130901589328,28.5,26.109523105611395,30.890476894388605
7,6.0,6,10,4.671299592010685,4.508497212966321,4.834101971055049,18.707208425491412,7.565680911583913,29.848735939398914,0.23394535632332056,0.08116672587786561,0.3867239867687755,13144.750983034552,10315.230059703215,15974.271906365888,259979.43422047724,73306.63801440116,446652.2304265533,43329.90570341288,12217.773002400198,74442.03840442556,2975.1028823793176,749.608014502262,5200.597750256373,31.5,28.555331292067567,34.44466870793243
7,8.0,0,10,45.030518296377664,33.11612645368785,56.94491013906748,0.0,0.0,0.0,,,,704172.584296981,426801.5612947778,981543.6072991842,0.0,0.0,0.0,,,,,,,0.0,0.0,0.0
7,8.0,1,10,19.058030053090043,10.01391803300525,28.102142073174836,25.972488243287614,22.216272159214046,29.728704327361182,25.972488243287614,22.216272159214046,29.728704327361182,271220.86750610644,75273.9204191028,467167.8145931101,432951.7167908745,345015.63105882896,520887.80252292,432951.7167908745,345015.63105882896,520887.80252292,432951.7167908745,345015.63105882896,520887.80252292,11.7,10.685526266543935,12.714473733456064
7,8.0,2,10,9.031113755545897,4.446170709458724,13.616056801633071,35.99940454083176,27.9777484231956,44.021060658467924,10.026916297544146,5.189727726564154,14.864104868524137,96238.74312978824,-1672.1263900214108,194149.6126495979,607933.8411671927,420303.34653320117,795564.3358011842,303966.92058359634,210151.67326660058,397782.1679005921,174982.12437631818,71720.69197791879,278243.5567747176,19.2,17.268683552267262,21.131316447732736
7,8.0,3,10,6.2011039128507734,5.00068030844299,7.401527517258557,38.82941438352689,27.965571778844566,49.693256988209214,2.8300098426951252,-0.5972571424396356,6.257276827829886,43221.002349428665,17150.836511378344,69291.168187479,660951.5819475523,408055.58048608236,913847.5834090222,220317.19398251743,136018.52682869413,304615.86113634077,53017.740780359585,-19300.565867717116,125336.04742843629,26.1,24.365679508521378,27.834320491478625
7,8.0,4,10,5.2067149670001385,4.735755107326266,5.677674826674011,39.82380332937752,28.32135400367543,51.32625265507961,0.9943889458506344,0.22931767010117676,1.759460221600092,26005.99114466865,15777.701277449658,36234.28101188764,678166.5931523124,410433.02067455254,945900.1656300724,169541.6482880781,102608.25516863813,236475.0414075181,17215.011204760012,970.398466586581,33459.623942933446,32.5,30.41439414681984,34.58560585318016
7,8.0,5,10,4.7977711008384984,4.5273573643460985,5.068184837330898,40.232747195539154,28.55366853054131,51.911825860537,0.4089438661616402,0.18978066148481704,0.6281070708384633,19236.39392728413,13320.204635733977,25152.583218834283,684936.1903696968,413124.46353121754,956747.9172081761,136987.23807393937,82624.89270624353,191349.58344163522,6769.59721738452,2287.189050113764,11252.005384655276,37.8,35.236221882162035,40.36377811783796
7,8.0,6,10,4.57996412445305,4.44430395653081,4.71562429237529,40.450554171924615,28.61958818792723,52.281520155921996,0.21780697638544844,0.05048158616372572,0.38513236660717115,15501.243858394784,12602.811380299763,18399.676336489807,688671.3404385861,413735.96420213475,963606.7166750374,114778.55673976436,68955.99403368913,160601.1194458396,3735.1500688893457,447.1986929548334,7023.101444823858,41.7,38.02056430586861,45.379435694131395
7,10.0,0,10,38.06524838611021,23.494762203582134,52.63573456863829,0.0,0.0,0.0,,,,709009.6957690056,365092.5907090873,1052926.800828924,0.0,0.0,0.0,,,,,,,0.0,0.0,0.0
7,10.0,1,10,12.595064986614618,3.7915555369182545,21.39857443631098,25.470183399495593,18.243735081068824,32.69663171792236,25.470183399495593,18.243735081068824,32.69663171792236,188921.9232477791,-15282.747057672124,393126.59355323034,520087.7725212264,354208.08688927215,685967.4581531805,520087.7725212264,354208.08688927215,685967.4581531805,520087.7725212264,354208.08688927215,685967.4581531805,12.0,11.662777520546344,12.337222479453656
7,10.0,2,10,7.1359016248392155,4.879776005898091,9.39202724378034,30.929346761270995,18.364490937621667,43.49420258492032,5.459163361775403,-1.1495151309247662,12.06784185447557,71046.49349060134,18162.274706201308,123930.71227500137,637963.2022784041,342501.42547779577,933424.9790790125,318981.6011392021,171250.71273889788,466712.48953950626,117875.42975717779,-34433.59448684605,270184.4540012016,21.9,20.97956175935911,22.820438240640886
7,10.0,3,10,5.669589896895367,4.6705910067536225,6.668588787037112,32.39565848921484,18.72759401626206,46.06372296216762,1.4663117279438491,0.19583504629944293,2.7367884095882555,40900.27330765373,17600.87342465093,64199.67319065654,668109.4224613518,345904.6359046162,990314.2090180875,222703.14082045062,115301.54530153873,330104.7363393625,30146.22018294758,335.30191348597145,59957.13845240919,30.9,29.80987910909812,31.990120890901878
7,10.0,4,10,5.006989146652833,4.629559136277119,5.384419157028547,33.05825923945738,18.823899627193974,47.29261885172078,0.6626007502425327,0.012337540381393786,1.3128639601036718,27229.977270991505,18416.29401144432,36043.66053053869,681779.7184980141,346116.29409291275,1017443.1429031156,170444.92962450354,86529.07352322819,254360.7857257789,13670.296036662234,-1289.1788119590983,28629.770885283564,38.5,36.55548032368531,40.44451967631469
7,10.0,5,10,4.699584460507225,4.507571085921984,4.891597835092466,33.36566392560299,18.928462173653,47.80286567755297,0.30740468614560845,0.08184769901944744,0.5329616732717695,20965.64154130749,16709.747960260866,25221.535122354115,688044.054227698,347528.99578487757,1028559.1126705185,137608.81084553958,69505.7991569755,205711.82253410367,6264.335729684016,1018.6017712331477,11510.069688134885,44.3,42.33222664615711,46.267773353842884
7,10.0,6,10,4.573208373527041,4.455523421878768,4.690893325175313,33.492040012583175,18.985498314921188,47.99858171024516,0.1263760869801846,0.026459498361629363,0.22629267559873983,18479.982569945787,15979.158172096511,20980.806967795063,690529.7131990597,348458.7364171259,1032600.6899809935,115088.28553317665,58076.45606952102,172100.11499683227,2485.6589713617045,412.5489692025976,4558.768973520811,48.8,46.236221882162035,51.36377811783796
7,11.0,0,10,38.392837963598865,22.96050628774295,53.82516963945478,0.0,0.0,0.0,,,,804311.0097158292,402829.46708550997,1205792.5523461483,0.0,0.0,0.0,,,,,,,0.0,0.0,0.0
7,11.0,1,10,13.292157206052627,3.7816976221032466,22.802616790002006,25.100680757546236,17.313684152419775,32.8876773626727,25.100680757546236,17.313684152419775,32.8876773626727,228277.88502539322,-15776.508426219516,472332.27847700595,576033.1246904361,380555.3443541629,771510.9050267092,576033.1246904361,380555.3443541629,771510.9050267092,576033.1246904361,380555.3443541629,771510.9050267092,12.2,11.898379044960238,12.50162095503976
7,11.0,2,10,7.205459586449281,4.197413472331306,10.213505700567257,31.18737837714958,18.186208677553758,44.188548076745406,6.08669761960335,-0.6531208267711115,12.826516065977811,82695.6133928782,4457.194101080837,160934.03268467553,721615.396322951,386401.8094172669,1056828.983228635,360807.6981614755,193200.90470863346,528414.4916143175,145582.27163251507,-25238.147780060594,316402.69104509073,23.5,22.89206352954537,24.10793647045463
7,11.0,3,10,5.489223552106733,4.920759065057384,6.057688039156082,32.90361441149213,17.957062153869487,47.85016666911477,1.716236034342547,-0.755076703677453,4.187548772362547,41119.85737879784,25764.137241681598,56475.577515914076,763191.1523370314,375546.3058645141,1150835.9988095488,254397.05077901046,125182.101954838,383611.9996031829,41575.756014080354,-21950.664076668923,105102.17610482963,33.3,32.12939590047749,34.470604099522504
7,11.0,4,10,4.931051809376516,4.716535171349776,5.145568447403257,33.461786154222345,18.181941064928424,48.74163124351627,0.5581717427302164,0.1492010476999593,0.9671424377604736,28506.35027167304,22790.05372500324,34222.646818342844,775804.6594441562,379109.0628660901,1172500.2560222223,193951.16486103905,94777.26571652252,293125.0640055556,12613.507107124797,1979.4194833961737,23247.59473085342,41.2,39.42197069258164,42.97802930741837
7,11.0,5,10,4.688898877012152,4.543544020679677,4.834253733344626,33.703939086586715,18.337432564297373,49.07044560887606,0.24215293236436483,0.1368564350243447,0.34744942970438497,23173.559028699536,19570.20644916187,26776.911608237202,781137.4506871297,382165.87482564506,1180109.0265486145,156227.49013742592,76433.17496512899,236021.80530972284,5332.791242973506,2787.102410171213,7878.480075775799,47.7,45.13068336173468,50.26931663826532
7,11.0,6,10,4.578387565524271,4.46134719252951,4.695427938519033,33.814450398074584,18.425788862159617,49.20311193398955,0.11051131148788,0.07416352048468629,0.1468591024910737,20792.760720674272,17907.988147180444,23677.5332941681,783518.2489951549,383917.62201144267,1183118.875978867,130586.3748325258,63986.27033524045,197186.47932981118,2380.7983080252625,1525.0601491934922,3236.536466857033,52.3,49.02963732729436,55.570362672705635
7,12.0,0,10,51.425606318181835,37.58138695978894,65.26982567657473,0.0,0.0,0.0,,,,1195452.8984184847,778573.7291239194,1612332.0677130502,0.0,0.0,0.0,,,,,,,0.0,0.0,0.0
7,12.0,1,10,20.751213898858445,10.051986073816316,31.450441723900575,30.674392419323397,26.653999004336995,34.6947858343098,30.674392419323397,26.653999004336995,34.6947858343098,437868.4129634628,133636.45167416398,742100.3742527617,757584.485455022,627913.708081011,887255.262829033,757584.485455022,627913.708081011,887255.262829033,757584.485455022,627913.708081011,887255.262829033,12.7,12.217170888066816,13.182829111933183
7,12.0,2,10,8.57423180576862,3.6381954168427573,13.510268194694484,42.851374512413216,32.645656191133284,53.05709283369315,12.176982093089821,5.49871226772222,18.855251918457423,126926.78871614397,-14318.287593911678,268171.8650261996,1068526.1097023408,763852.8598233929,1373199.3595812886,534263.0548511704,381926.42991169647,686599.6797906443,310941.6242473189,127351.05434570453,494532.1941489333,24.2,23.747568567440357,24.65243143255964
7,12.0,3,10,5.644588216697552,4.698737225468898,6.590439207926206,45.78101810148429,32.71065564669857,58.851380556270016,2.9296435890710684,-1.0939890241755683,6.953276202317705,49254.051792882754,21770.050656779957,76738.05292898555,1146198.846625602,753160.4896618462,1539237.203589358,382066.2822085341,251053.4965539488,513079.06786311936,77672.73692326124,-36825.17474722497,192170.64859374746,35.7,35.21717088806682,36.18282911193319
7,12.0,4,10,4.932001605159464,4.660997551311883,5.2030056590070455,46.49360471302238,32.87749171251123,60.10971771353353,0.7125866115380893,0.013205327969749714,1.411967895106429,31166.665621065324,22978.859528006007,39354.47171412464,1164286.2327974197,754900.0824513776,1573672.3831434618,291071.5581993549,188725.0206128444,393418.09578586544,18087.38617181743,-1699.8829513463243,37874.65529498119,45.1,43.26996596504074,46.93003403495926
7,12.0,5,10,4.644161882984289,4.547603148665959,4.740720617302618,46.78144443519756,32.99555218911973,60.567336681275386,0.287839722175175,0.08626150854686818,0.4894179358034818,24154.452524259297,21030.776592825314,27278.12845569328,1171298.4458942257,757050.0891979528,1585546.8025904987,234259.6891788451,151410.01783959047,317109.36051809974,7012.213096806032,1516.0546251167534,12508.37156849531,51.3,48.45751253369477,54.14248746630523
7,12.0,6,10,4.5323858607287955,4.4383987594650005,4.62637296199259,46.89322045745304,33.08125250797789,60.705188406928194,0.11177602225549306,0.07211836070227096,0.15143368380871516,21619.344332037494,18966.910464129876,24271.77819994511,1173833.5540864472,758782.9435271728,1588884.1646457217,195638.9256810746,126463.8239211955,264814.02744095365,2535.1081922218,1558.9091207349454,3511.3072637086543,56.2,52.916623496838504,59.4833765031615
8,0.5,0,10,6.516177707384088,4.208778565849704,8.823576848918472,0.0,0.0,0.0,,,,5113.901312004096,-567.0533902879288,10794.856014296121,0.0,0.0,0.0,,,,,,,0.0,0.0,0.0
8,0.5,1,10,6.063145953184785,4.299030702646738,7.8272612037228315,0.4530317541993029,-0.1562491640212496,1.0623126724198555,0.4530317541993029,-0.1562491640212496,1.0623126724198555,4105.392269967242,-218.45376694395964,8429.238306878444,1008.5090420368546,-437.69550649105315,2454.7135905647624,1008.5090420368546,-437.69550649105315,2454.7135905647624,1008.5090420368546,-437.69550649105315,2454.7135905647624,1.0,1.0,1.0
8,0.5,2,10,5.5849742082229215,4.314148660599224,6.855799755846619,0.9312034991611672,-0.21584955416035034,2.0782565524826846,0.4781717449618643,-0.17642998229895768,1.1327734722226863,3046.7092076599165,-71.37630889923048,6164.794724219064,2067.19210434418,-589.0253955559679,4723.409604244327,1033.59605217209,-294.51269777798393,2361.7048021221635,1058.6830623073254,-408.96435758845405,2526.330482203105,1.7,1.3544497855863562,2.0455502144136437
8,0.5,3,10,5.372012409176266,4.274412757445507,6.469612060907025,1.1441652982078225,-0.2514092011830831,2.5397397975987284,0.2129617990466553,-0.04600179630054624,0.47192539439385683,2616.2367305128037,-6.715380186287803,5239.188841211895,2497.6645814912927,-690.4639666204525,5685.793129603038,832.5548604970976,-230.15465554015088,1895.264376534346,430.4724771471127,-113.3143441143909,974.2592984086164,2.4,1.7967580899204787,3.003241910079521
8,0.5,4,10,5.162773545290483,4.4032189198920015,5.922328170688964,1.3534041620936046,-0.4103310091273591,3.1171393333145683,0.20923886388578206,-0.2640923307891984,0.6825700585607626,2114.063457186927,451.79189778409545,3776.335016589758,2999.8378548171695,-1123.950106780545,7123.625816414884,749.9594637042924,-280.98752669513624,1780.906454103721,502.173273325877,-633.8215938940762,1638.1681405458303,3.0,2.046190792039114,3.953809207960886
8,0.5,5,10,5.151264581773231,4.404218274385019,5.898310889161443,1.3649131256108569,-0.41631516505486776,3.1461414162765813,0.011508963517252368,-0.00659245583755187,0.029610382872056605,2087.288078877356,464.6657778366123,3709.9103799180994,3026.6132331267404,-1139.0767712901002,7192.303237543581,605.3226466253482,-227.81535425801985,1438.4606475087162,26.775378309570623,-15.884574304182447,69.43533092332369,3.4,2.174809888807004,4.625190111192996
8,0.5,6,10,5.08841064566776,4.409155172809536,5.767666118525984,1.4277670617163278,-0.47330339162966384,3.3288375150623195,0.06285393610547096,-0.07933154566558087,0.2050394178765228,1936.4386322242258,548.7289735672443,3324.1482908812072,3177.4626797798705,-1287.6885523784435,7642.613911938184,529.577113296645,-214.6147587297403,1273.7689853230304,150.84944665313006,-190.39570959739373,492.0946029036538,3.7,2.228148457771299,5.171851542228701
8,1.0,0,10,7.991606699141603,5.138608503339034,10.844604894944172,0.0,0.0,0.0,,,,12477.694850945953,2205.2824068549216,22750.107295036985,0.0,0.0,0.0,,,,,,,0.0,0.0,0.0
8,1.0,1,10,6.643327077682665,4.604478677221878,8.682175478143453,1.3482796214589399,0.5045330302312829,2.1920262126865966,1.3482796214589399,0.5045330302312829,2.1920262126865966,8551.569452349071,1242.4652139846794,15860.673690713462,3926.1253985968833,919.2740710090243,6932.976726184743,3926.1253985968833,919.2740710090243,6932.976726184743,3926.1253985968833,919.2740710090243,6932.976726184743,1.7,1.3544497855863562,2.0455502144136437
8,1.0,2,10,5.852904331311927,4.441028679048983,7.264779983574871,2.138702367829676,0.6673841655708521,3.6100205700884995,0.7904227463707363,0.13506080028817313,1.4457846924532993,6114.239996763146,1039.7710082598314,11188.708985266461,6363.454854182805,1122.716250124041,11604.19345824157,3181.7274270914027,561.3581250620205,5802.096729120785,2437.329455585922,160.78748299826975,4713.871428173574,2.9,2.372163328680419,3.427836671319581
8,1.0,3,10,5.460576329824921,4.4005401341858725,6.520612525463969,2.531030369316682,0.6900958792490886,4.371964859384276,0.3923280014870061,0.0078739495037361,0.7767820534702761,4855.457512588508,1030.3579044499043,8680.557120727111,7622.237338357443,1102.905796712187,14141.568880002698,2540.7457794524807,367.63526557072873,4713.856293334233,1258.7824841746387,-41.34774043482548,2558.912708784103,4.0,3.3255550410926875,4.674444958907312
8,1.0,4,10,5.055831477899153,4.408376614431938,5.7032863413663675,2.9357752212424506,0.6702111368406554,5.201339305644246,0.4047448519257684,-0.09934966651471161,0.9088393703662485,3606.3889456040197,1191.9841691963957,6020.793722011644,8871.305905341931,929.7252243631583,16812.886586320703,2217.8264763354828,232.43130609078958,4203.221646580176,1249.068566984488,-400.36602173367714,2898.503155702653,4.6,3.9967580899204784,5.203241910079521
8,1.0,5,10,4.96175516992781,4.440361611691845,5.4831487281637745,3.029851529213794,0.6386395538186109,5.421063504608977,0.09407630797134318,-0.11367396224011027,0.3018265781827966,3287.989877059077,1341.0247520679034,5234.955002050251,9189.704973886875,775.5309939861909,17603.87895378756,1837.9409947773752,155.10619879723868,3520.7757907575115,318.39906854494313,-436.3406085780655,1073.1387456679518,5.3,4.470542373640658,6.129457626359342
8,1.0,6,10,4.923206602260757,4.436148209630141,5.4102649948913735,3.068400096880847,0.6205469180127867,5.516253275748907,0.03854856766705304,-0.1391193331709377,0.21621646850504375,3176.9360135360575,1313.938980900111,5039.933046172004,9300.758837409896,761.1994516407631,17840.318223179027,1550.1264729016489,126.86657527346006,2973.3863705298377,111.05386352301966,-472.17200783503927,694.2797348810786,6.0,4.988332561639031,7.011667438360969
8,2.0,0,10,9.153789234940913,6.285730750411544,12.021847719470282,0.0,0.0,0.0,,,,28232.008342221256,10345.47106661156,46118.545617830954,0.0,0.0,0.0,,,,,,,0.0,0.0,0.0
8,2.0,1,10,7.4382423512550035,5.575837996337104,9.300646706172902,1.7155468836859096,0.45282172734167436,2.978272040030145,1.7155468836859096,0.45282172734167436,2.978272040030145,18995.707189036013,7792.128040440797,30199.28633763123,9236.30115318525,1315.0550498484363,17157.547256522063,9236.30115318525,1315.0550498484363,17157.547256522063,9236.30115318525,1315.0550498484363,17157.547256522063,2.8,2.498379044960239,3.1016209550397607
8,2.0,2,10,6.525846829700642,5.274152206583368,7.777541452817916,2.6279424052402702,0.8251107320558606,4.43077407842468,0.9123955215543603,0.21040449687413165,1.614386546234589,13988.879718143124,6670.196299603036,21307.56313668321,14243.128624078137,2724.5145556491207,25761.742692507156,7121.564312039069,1362.2572778245603,12880.871346253578,5006.827470892887,741.0286691593074,9272.626272626465,5.1,4.572163328680419,5.627836671319581
8,2.0,3,10,5.998578047151289,5.00563402204266,6.991522072259919,3.1552111877896234,1.10969850938298,5.200723866196267,0.5272687825493534,0.1971120473263826,0.8574255177723242,11242.86209727113,5519.290120079924,16966.434074462337,16989.146244950127,3986.671122697724,29991.62136720253,5663.048748316709,1328.8903742325756,9997.207122400843,2746.017620871992,837.6839391516176,4654.351302592367,7.3,6.621352851160538,7.978647148839461
8,2.0,4,10,5.368638402478973,4.841409165918877,5.895867639039068,3.7851508324619396,1.338764897412689,6.231536767511191,0.6299396446723158,0.13809986199401686,1.1217794273506148,7917.103710132398,4661.059393351785,11173.148026913012,20314.904632088863,5257.570263797146,35372.23900038058,5078.726158022216,1314.3925659492866,8843.059750095144,3325.758387138735,743.1997734992874,5908.317000778183,9.0,8.245947612400599,9.754052387599401
8,2.0,5,10,5.195410271126729,4.7918991626753416,5.598921379578116,3.9583789638141837,1.3869813918747762,6.529776535753591,0.17322813135224413,-0.03988251884876537,0.38633878155325363,7038.453938495918,4519.071030588184,9557.836846403652,21193.554403725342,5456.633778113079,36930.475029337606,4238.710880745069,1091.326755622616,7386.095005867521,878.64977163648,-305.29939891360186,2062.5989421865615,10.7,9.579020536686762,11.820979463313236
8,2.0,6,10,5.124949361457133,4.774662530062248,5.475236192852018,4.02883987348378,1.415800215218877,6.641879531748684,0.07046090966959584,-0.039490861276398545,0.18041268061559024,6675.984137224787,4456.014345423617,8895.953929025958,21556.024204996465,5632.445588165805,37479.602821827124,3592.6707008327444,938.7409313609674,6246.600470304522,362.46980127112846,-245.47187355809473,970.4114761003516,12.0,10.53008129057129,13.46991870942871
8,4.0,0,10,13.25407881309186,5.44046911213552,21.0676885140482,0.0,0.0,0.0,,,,100473.002982469,-2819.237710519228,203765.24367545723,0.0,0.0,0.0,,,,,,,0.0,0.0,0.0
8,4.0,1,10,9.298524776711968,5.699524374991425,12.897525178432511,3.9555540363798896,-0.3579241767307231,8.269032249490502,3.9555540363798896,-0.3579241767307231,8.269032249490502,56656.18470370127,9124.807646287278,104187.56176111527,43816.81827876773,-12476.830291921848,100110.4668494573,43816.81827876773,-12476.830291921848,100110.4668494573,43816.81827876773,-12476.830291921848,100110.4668494573,5.1,4.473637044327646,5.726362955672354
8,4.0,2,10,7.268225541497874,5.37616183745073,9.16028924554502,5.985853271593987,-0.05246260337622566,12.0241691465642,2.0302992352140965,0.26378101883289173,3.7968174515953015,35323.812670957734,10561.546210251723,60086.07913166375,65149.19031151124,-14023.641493050854,144322.02211607335,32574.59515575562,-7011.820746525427,72161.01105803667,21332.372032743522,-1793.3273616238657,44458.07142711091,9.9,8.86334935675907,10.936650643240931
8,4.0,3,10,6.124714394447958,5.1544933317450194,7.094935457150896,7.129364418643901,0.16554771928616052,14.093181118001642,1.143511147049915,0.17468911356788341,2.1123331805319467,23421.924240889755,10892.473663341865,35951.374818437645,77051.07874157924,-14378.31396329496,168480.47144645345,25683.692913859744,-4792.77132109832,56160.15714881781,11901.888430067987,-603.7044329969413,24407.481293132914,14.0,12.98833256163903,15.01166743836097
8,4.0,4,10,5.58403018092506,5.050129416465661,6.117930945384459,7.670048632166798,0.22093612540325225,15.119161138930345,0.5406842135228969,0.03829418752062286,1.0430742395251709,17757.912126869363,11151.747182583953,24364.077071154774,82715.09085559961,-14967.01891368204,180397.20062488125,20678.772713899903,-3741.75472842051,45099.30015622031,5664.012114020391,-686.8436696726922,12014.867897713473,17.2,16.09177384663246,18.30822615336754
8,4.0,5,10,5.199049036553369,4.878371964836152,5.519726108270586,8.05502977653849,0.4646605072158394,15.64539904586114,0.38498114437169273,0.13032310516332607,0.6396391835800594,14076.76782377737,9842.584470332617,18310.951177222123,86396.23515869162,-13210.24560732655,186002.7159247098,17279.24703173832,-2642.049121465312,37200.543184941955,3681.1443030919936,1054.7578758695718,6307.530730314415,21.0,19.738229018766003,22.261770981233997
8,4.0,6,10,5.038894505593332,4.864235840907661,5.213553170279003,8.215184307498529,0.47798294482449055,15.952385670172568,0.16015453096003646,-0.07870386878297642,0.39901293070304933,12366.854816214565,9836.191192622206,14897.518439806925,88106.14816625444,-13343.109266024388,189555.40559853328,14684.358027709071,-2223.8515443374035,31592.567599755545,1709.9130075628054,-736.971714024593,4156.797729150204,23.1,21.81811094108102,24.381889058918983
8,5.0,0,10,17.1790472586876,4.832570504824201,29.525524012551,0.0,0.0,0.0,,,,175378.66628199042,-14091.935438833752,364849.2680028146,0.0,0.0,0.0,,,,,,,0.0,0.0,0.0
8,5.0,1,10,10.299637553444995,4.7219456246862865,15.877329482203704,6.879409705242601,0.05988036908650862,13.698939041398694,6.879409705242601,0.05988036908650862,13.698939041398694,84311.66201423224,-1286.4536542765418,169909.777682741,91067.00426775818,-13218.29893166585,195352.30746718223,91067.00426775818,-13218.29893166585,195352.30746718223,91067.00426775818,-13218.29893166585,195352.30746718223,6.6,5.422132516827027,7.777867483172972
8,5.0,2,10,7.377259237818339,5.318541826321695,9.435976649314982,9.801788020869258,-0.5615022870968076,20.165078328835325,2.922378315626657,-0.6468690897428422,6.491625720996156,44977.40480312388,13081.138297966012,76873.67130828174,130401.26147886652,-27911.760295523345,288714.2832532564,65200.63073943326,-13955.880147761673,144357.1416266282,39334.25721110836,-14913.920479285734,93582.43490150245,12.0,10.933608886717112,13.066391113282888
8,5.0,3,10,6.319263074279962,5.319427319399994,7.31909882915993,10.859784184407635,-0.6121068465045383,22.33167521531981,1.0579961635383766,-0.09323425304826505,2.2092265801250184,30912.08478600951,15527.700124733645,46296.46944728537,144466.5814959809,-30715.330441283004,319648.4934332448,48155.52716532697,-10238.443480427668,106549.4978110816,14065.320017114369,-3214.1902444255284,31344.830278654266,16.7,15.685526266543935,17.714473733456064
8,5.0,4,10,5.591937868789601,5.099293970122363,6.0845817674568385,11.587109389897996,-0.41080685437631637,23.58502563417231,0.7273252054903616,0.16824865183682514,1.286401759143898,21874.03022621789,14345.991241930706,29402.06921050507,153504.6360557725,-29930.77238425621,336940.0444958012,38376.15901394313,-7482.693096064053,84235.0111239503,9038.054559791623,563.6262032270715,17512.482916356174,21.1,19.81811094108102,22.381889058918983
8,5.0,5,10,5.2391528313666065,4.907768662321265,5.570537000411948,11.939894427320992,-0.18653341820220604,24.06632227284419,0.3527850374229942,0.13561607211558882,0.5699540027303996,17743.68722602011,12510.103950341054,22977.270501699164,157634.97905597027,-27829.305015693215,343099.2631276337,31526.995811194058,-5565.861003138634,68619.85262552675,4130.34300019778,1383.3672686344057,6877.3187317611555,25.2,24.041602741864136,26.358397258135863
8,5.0,6,10,5.05853667776069,4.867583685079133,5.249489670442248,12.120510580926908,-0.1413678940896741,24.38238905594349,0.18061615360591626,0.017186928796669554,0.344045378415163,15514.881611141778,12227.538218348007,18802.22500393555,159863.78467084863,-27476.401606189873,347203.97094788717,26643.964111808098,-4579.400267698307,57867.3284913145,2228.805614878331,104.56008532622309,4353.051144430439,27.8,26.225492389937287,29.374507610062714
8,6.0,0,10,29.329100624708296,16.848836182001307,41.809365067415285,0.0,0.0,0.0,,,,364843.946742815,145078.14865970836,584609.7448259217,0.0,0.0,0.0,,,,,,,0.0,0.0,0.0
8,6.0,1,10,12.476605337014549,4.4531063681793075,20.50010430584979,16.852495287693753,10.884075983647545,22.82091459173996,16.852495287693753,10.884075983647545,22.82091459173996,129415.75346352358,-8479.142804290314,267310.64973133744,235428.19327929136,137320.626426342,333535.7601322407,235428.19327929136,137320.626426342,333535.7601322407,235428.19327929136,137320.626426342,333535.7601322407,8.3,7.285526266543935,9.314473733456065
8,6.0,2,10,7.96942741905463,4.728378715669296,11.210476122439964,21.35967320565367,11.792464486515597,30.926881924791743,4.507177917959919,-0.3048921449733557,9.319247980893195,61357.60446600226,5526.795675009205,117188.41325699532,303486.34227681276,136221.6081258529,470751.07642777264,151743.17113840638,68110.80406292644,235375.53821388632,68058.14899752135,-14325.263471009486,150441.5614660522,14.0,12.651110082185376,15.348889917814624
8,6.0,3,10,6.2431600277128,5.167571680924297,7.318748374501302,23.0859405969955,11.466368647115077,34.70551254687592,1.726267391341829,-0.5501262471320618,4.0026610298157195,34917.141189748465,16568.67822717217,53265.604152324755,329926.80555306654,126457.17922791996,533396.4318782131,109975.60185102218,42152.393075973305,177798.81062607106,26440.46327625378,-12312.277913569553,65193.20446607711,19.9,18.758911678514945,21.041088321485052
8,6.0,4,10,5.621720124662132,5.047306247703418,6.196134001620846,23.70738050004617,11.650190781956471,35.76457021813587,0.6214399030506684,0.09164375080861908,1.1512360552927179,25869.022884910853,16003.372552260724,35734.67321756098,338974.92385790416,127684.94108760101,550264.9066282073,84743.73096447604,31921.235271900252,137566.22665705183,9048.118304837615,260.10918365541147,17836.12742601982,24.8,23.92063136034293,25.67936863965707
8,6.0,5,10,5.354843978149944,4.9481866078190615,5.761501348480826,23.974256646558356,11.770030324037917,36.17848296907879,0.26687614651218866,0.07234729227489028,0.46140500074948704,22139.631563399176,15114.53588325264,29164.727243545713,342704.3151794158,128785.7522571703,556622.8781016613,68540.86303588316,25757.150451434063,111324.57562033225,3729.3913215116763,658.7120688596824,6800.07057416367,29.3,28.035977864467302,30.5640221355327
8,6.0,6,10,5.134968348951755,4.875527506996611,5.3944091909069,24.194132275756544,11.865016915476506,36.52324763603659,0.21987562919818843,0.05421186877920098,0.3855393896171759,19056.888419441457,14475.43153195899,23638.345306923926,345787.0583233735,129647.36740025372,561926.7492464932,57631.17638722892,21607.89456670895,93654.45820774889,3082.743143957721,491.7747891041904,5673.711498811252,33.1,31.365679508521378,34.83432049147863
8,8.0,0,10,53.91503268768563,42.00452392385539,65.82554145151587,0.0,0.0,0.0,,,,883035.6885204386,586429.4046866149,1179641.9723542624,0.0,0.0,0.0,,,,,,,0.0,0.0,0.0
8,8.0,1,10,25.482282734449875,15.291848904524583,35.672716564375165,28.43274995323575,25.425890356810925,31.439609549660574,28.43274995323575,25.425890356810925,31.439609549660574,393351.6036293216,159045.8066777436,627657.4005808997,489684.084891117,417986.6965527457,561381.4732294882,489684.084891117,417986.6965527457,561381.4732294882,489684.084891117,417986.6965527457,561381.4732294882,12.2,11.635718862784834,12.764281137215164
8,8.0,2,10,10.639966635796291,4.2425675747362055,17.037365696856376,43.27506605188933,36.62770920436169,49.92242289941697,14.842316098653583,10.254495582633886,19.43013661467328,130393.1730196878,-10889.96618192589,271676.3122213015,752642.5155007509,584682.8006310866,920602.2303704151,376321.25775037543,292341.4003155433,460301.1151852076,262958.4306096338,159324.38247367376,366592.4787455938,19.7,18.267300463561135,21.132699536438864
8,8.0,3,10,6.85236090177052,4.504956333995868,9.19976546954517,47.0626717859151,37.11407629530271,57.01126727652749,3.78760573402577,-0.3271120610239642,7.902323529075504,57518.34730382045,6290.162121277535,108746.53248636336,825517.3412166182,575581.0140105317,1075453.6684227048,275172.44707220607,191860.33800351055,358484.5561409016,72874.82571586738,-17955.859535480646,163705.5109672154,26.6,24.163582171738376,29.036417828261627
8,8.0,4,10,5.6650699368920385,4.867876603045525,6.462263270738552,48.249962750793586,36.82219188912662,59.67773361246055,1.1872909648784806,-0.5192903097677815,2.8938722395247427,33991.12009244659,17961.665020572364,50020.57516432081,849044.568427992,564814.3241955739,1133274.81266041,212261.142106998,141203.58104889348,283318.7031651025,23527.227211373855,-13546.34699391064,60600.801416658345,33.3,31.33222664615711,35.267773353842884
8,8.0,5,10,5.2692661457575305,4.823036025753201,5.71549626576186,48.6457665419281,36.890558978258866,60.40097410559733,0.39580379113450725,-0.017982158462871434,0.8095897407318859,26673.45321016523,18371.477171707353,34975.429248623106,856362.2353102735,564716.6787632457,1148007.7918573013,171272.4470620547,112943.33575264915,229601.55837146027,7317.666882281361,-1163.003899784746,15798.337664347468,39.0,37.1529564110541,40.8470435889459
8,8.0,6,10,5.130527109310788,4.810988208595652,5.450066010025924,48.784505578374834,36.97356229176059,60.59544886498908,0.13873903644674276,0.004627808365013697,0.27285026452847183,24227.874395880677,18239.842315588023,30215.90647617333,858807.8141245579,565819.504006922,1151796.1242421938,143134.63568742631,94303.25066782032,191966.0207070323,2445.578814284552,22.246822771886855,4868.910805797217,43.8,41.64599553703481,45.95400446296519
8,10.0,0,10,48.49859974251787,33.01999031935272,63.977209165683014,0.0,0.0,0.0,,,,951694.9701103696,564064.9606372982,1339324.979583441,0.0,0.0,0.0,,,,,,,0.0,0.0,0.0
8,10.0,1,10,16.89079088995683,6.358500436461389,27.423081343452267,31.60780885256104,25.75300570286076,37.46261200226132,31.60780885256104,25.75300570286076,37.46261200226132,288468.4829108505,34580.645154903206,542356.3206667978,663226.4871995191,513366.34330527904,813086.6310937591,663226.4871995191,513366.34330527904,813086.6310937591,663226.4871995191,513366.34330527904,813086.6310937591,11.9,11.493930361956396,12.306069638043605
8,10.0,2,10,8.005366579766712,3.2510340186599676,12.759699140873455,40.49323316275115,28.962025188017527,52.02444113748478,8.885424310190118,2.7698895878773726,15.000959032502863,94695.68209895608,-19441.36186477935,208832.7260626915,856999.2880114134,568653.512940482,1145345.0630823448,428499.6440057067,284326.756470241,572672.5315411724,193772.80081189444,47906.106687075924,339639.49493671296,22.0,20.98833256163903,23.01166743836097
8,10.0,3,10,5.707283059617618,4.887686983241414,6.526879135993822,42.791316682900245,28.00441165067531,57.57822171512518,2.2980835201490946,-1.7083038587219939,6.304470899020183,42037.541163793765,22121.12352498126,61953.95880260627,909657.4289465758,539810.3703380547,1279504.4875550969,303219.14298219193,179936.7901126849,426501.495851699,52658.140935162315,-42791.730015686044,148108.01188601067,30.8,29.154851916864885,32.445148083135116
8,10.0,4,10,5.14420373614784,4.837127859642628,5.451279612653051,43.35439600637003,27.939562843291515,58.76922916944855,0.5630793234697773,-0.16059852652954776,1.2867571734691023,29631.299144429515,23153.637903446295,36108.960385412734,922063.6709659401,536807.07465766,1307320.2672742202,230515.91774148503,134201.768664415,326830.06681855506,12406.24201936426,-4770.341869792699,29582.82590852122,37.3,35.867300463561136,38.73269953643886
8,10.0,5,10,4.977661572530254,4.765681738842278,5.18964140621823,43.520938169987616,28.084098676540364,58.95777766343487,0.16654216361758634,0.06094945936204664,0.272134867873126,26300.864563637755,21786.55479890421,30815.1743283713,925394.1055467319,539592.4545476729,1311195.756545791,185078.82110934638,107918.49090953456,262239.1513091582,3330.434580791755,1173.314128477647,5487.555033105862,42.6,40.461892466201796,44.73810753379821
8,10.0,6,10,4.8793287599510835,4.716048228988693,5.042609290913474,43.61927098256679,28.19094733172654,59.04759463340704,0.09833281257917044,0.02559052079492831,0.17107510436341256,24381.70334610064,20906.24270505368,27857.1639871476,927313.266764269,541603.871693294,1313022.661835244,154552.21112737816,90267.31194888234,218837.11030587397,1919.16121753712,487.3084586983457,3351.0139763758943,46.8,44.49304329681565,49.106956703184345
8,11.0,0,10,49.74187671470908,33.19280917551981,66.29094425389835,0.0,0.0,0.0,,,,1096132.6196242094,643313.2513840629,1548951.9878643558,0.0,0.0,0.0,,,,,,,0.0,0.0,0.0
8,11.0,1,10,18.597304200667523,6.490595675971996,30.70401272536305,31.144572514041563,24.97215086036249,37.31699416772064,31.144572514041563,24.97215086036249,37.31699416772064,363736.64670142217,42693.6123207144,684779.68108213,732395.9729227873,563590.148692175,901201.7971533996,732395.9729227873,563590.148692175,901201.7971533996,732395.9729227873,563590.148692175,901201.7971533996,12.2,11.898379044960238,12.50162095503976
8,11.0,2,10,8.345245449663324,2.685372006930482,14.005118892396165,41.39663126504576,28.983153609431078,53.81010892066045,10.2520587510042,2.9071997842530557,17.596917717755343,114898.69950457844,-36002.79905646476,265800.19806562166,981233.9201196311,646193.4036460655,1316274.4365931968,490616.96005981555,323096.70182303275,658137.2182965984,248837.9471968437,58970.62034544765,438705.2740482398,23.3,22.542186729281678,24.057813270718324
8,11.0,3,10,5.476380963870622,4.79824142995485,6.154520497786394,44.26549575083847,28.31022491030459,60.220766591372346,2.8688644857927015,-2.139846709220012,7.877575680805415,41768.291267180684,22973.737758017236,60562.844776344136,1054364.3283570288,618659.3090421262,1490069.3476719314,351454.77611900965,206219.76968070876,496689.78255731054,73130.40823739776,-59600.16306698817,205860.9795417837,32.2,30.902679218695972,33.49732078130403
8,11.0,4,10,5.001339706256135,4.830033856295148,5.172645556217122,44.740537008452954,28.31193831736209,61.169135699543816,0.475041257614487,-0.08648497012398204,1.036567485352956,30220.45495859876,25232.715007714996,35208.194909482525,1065912.1646656105,617253.265253419,1514571.064077802,266478.04116640263,154313.31631335476,378642.7660194505,11547.836308581926,-3293.961864300467,26389.634481464316,39.4,37.577750066827534,41.22224993317246
8,11.0,5,10,4.87238017026858,4.720194326601157,5.0245660139360036,44.86949654444051,28.43811443308527,61.30087865579574,0.1289595359875543,0.04997002261305726,0.20794904936205133,27374.22239764707,22843.598195129598,31904.846600164543,1068758.3972265623,619908.635623846,1517608.1588292785,213751.6794453125,123981.72712476927,303521.6317658557,2846.232560951689,1154.5028289190016,4537.962292984376,44.8,42.61975821819624,46.980241781803755
8,11.0,6,10,4.784645359847188,4.673198589427547,4.896092130266829,44.957231354861904,28.47062638397712,61.44383632574669,0.08773481042139278,0.01751057264497695,0.1579590481978086,25369.495643181013,22256.482495634722,28482.508790727305,1070763.1239810283,620354.8098453851,1521171.4381166715,178460.52066350472,103392.46830756421,253528.57301944523,2004.726754466051,183.21147804002862,3826.2420308920737,48.6,46.59927292644892,50.600727073551084
8,12.0,0,10,64.13313501339645,49.75245782301622,78.5138122037767,0.0,0.0,0.0,,,,1563654.152295807,1105304.0975540152,2022004.2070375986,0.0,0.0,0.0,,,,,,,0.0,0.0,0.0
8,12.0,1,10,29.98364715391911,18.603791705567673,41.36350260227055,34.149487859477354,30.41889110114817,37.88008461780654,34.149487859477354,30.41889110114817,37.88008461780654,690082.5735057474,348490.94945718854,1031674.1975543061,873571.5787900595,743070.5735934742,1004072.5839866449,873571.5787900595,743070.5735934742,1004072.5839866449,873571.5787900595,743070.5735934742,1004072.5839866449,12.6,12.099818231612229,13.10018176838777
8,12.0,2,10,10.675586219069443,3.215502624879293,18.135669813259593,53.457548794327025,44.7166155184442,62.19848207020985,19.308060934849667,13.97288625698123,24.643235612718104,189581.85414878608,-30261.364868958073,409425.07316653023,1374072.298147021,1094024.9629017226,1654119.6333923195,687036.1490735105,547012.4814508613,827059.8166961598,500500.7193569614,345178.3722490579,655823.0664648649,23.9,23.1886284002805,24.611371599719497
8,12.0,3,10,6.561089949566062,3.739754132931295,9.382425766200829,57.5720450638304,45.28284739327016,69.86124273439064,4.114496269503382,-0.6162405333374776,8.845233072344243,76903.8616502458,-6739.836304366705,160547.5596048583,1486750.2906455614,1095407.6985446443,1878092.8827464785,495583.430215187,365135.89951488137,626030.9609154926,112677.99249854029,-25588.524785654707,250944.5097827353,33.4,32.04270570232107,34.757294297678925
8,12.0,4,10,5.0474018689682465,4.840442627886907,5.254361110049586,59.08573314442822,44.812484602249384,73.35898168660705,1.5136880805978143,-1.1942997499426187,4.221675911138247,34199.62286700877,27566.556517916055,40832.68921610149,1529454.5294287982,1075935.3011461613,1982973.7577114352,382363.63235719956,268983.8252865403,495743.4394278588,42704.23878323703,-36342.6109698535,121751.08853632756,41.4,39.28865331472167,43.511346685278326
8,12.0,5,10,4.808161051690243,4.686319987404879,4.930002115975608,59.32497396170622,44.95098801538151,73.69895990803093,0.23924081727800434,0.09701074573030213,0.38147088882570657,28292.354719558825,24688.499785032243,31896.209654085407,1535361.797576248,1078518.6174557384,1992204.9776967575,307072.3595152496,215703.72349114768,398440.99553935154,5907.2681474499395,1764.1534015849593,10050.38289331492,47.6,45.332821394479694,49.86717860552031
8,12.0,6,10,4.758371030563737,4.6607604815123995,4.855981579615074,59.37476398283273,44.99300760311816,73.7565203625473,0.04979002112650503,0.013728425316099746,0.08585161693691032,27046.84173545478,24185.346790989643,29908.336679919914,1536607.3105603522,1079449.910666181,1993764.7104545233,256101.21842672536,179908.31844436348,332294.11840908724,1245.5129841040484,320.3133379680968,2170.71263024,52.4,49.91734621117465,54.882653788825344
9,0.5,0,10,6.370950012641277,4.244817578829059,8.497082446453495,0.0,0.0,0.0,,,,4044.2928395762697,-280.78588575470667,8369.371564907246,0.0,0.0,0.0,,,,,,,0.0,0.0,0.0
9,0.5,1,10,5.608952436338169,4.224471905600386,6.993432967075951,0.761997576303108,-0.32188559496459435,1.8458807475708103,0.761997576303108,-0.32188559496459435,1.8458807475708103,2639.8711303788023,264.83811322454267,5014.904147533061,1404.4217091974663,-668.986674573471,3477.8300929684037,1404.4217091974663,-668.986674573471,3477.8300929684037,1404.4217091974663,-668.986674573471,3477.8300929684037,0.8,0.4983790449602394,1.1016209550397607
9,0.5,2,10,5.368585743564851,4.228143594774619,6.509027892355083,1.002364269076426,-0.3150739599303287,2.319802498083181,0.24036669277331818,-0.08190053740763975,0.5626339229542761,2280.063577621322,405.11149036212714,4155.015664880517,1764.2292619549469,-813.4311096474173,4341.889633557311,882.1146309774734,-406.71555482370866,2170.9448167786554,359.8075527574805,-224.8688014760777,944.4839069910387,1.5,0.8920635295453704,2.1079364704546295
9,0.5,3,10,5.190623622425246,4.193479179363095,6.187768065487397,1.1803263902160306,-0.4777933438536057,2.838446124285667,0.17796212113960438,-0.17852487492414068,0.5344491172033494,1936.0323077529574,559.0165267193677,3313.048088786547,2108.2605318233113,-1118.9377329472568,5335.458796593879,702.7535106077705,-372.9792443157521,1778.4862655312932,344.03126986836446,-347.7730297698631,1035.835569506592,2.0,1.107793182865037,2.892206817134963
9,0.5,4,10,5.163027636348447,4.178156627835652,6.147898644861242,1.2079223762928297,-0.5001622625382165,2.916007015123876,0.02759598607679909,-0.036040471931336186,0.09123244408493436,1880.8403355993598,562.9435318667054,3198.7371393320145,2163.4525039769087,-1164.7221526429794,5491.627160596797,540.8631259942272,-291.18053816074485,1372.9067901491992,55.19197215359782,-72.08094386267192,182.46488816986755,2.4,1.222132516827027,3.577867483172973
9,0.5,5,10,5.164647328325329,4.17916524062814,6.150129416022518,1.2063026843159477,-0.4988242018924307,2.911429570524326,-0.0016196919768820292,-0.005354708373328999,0.0021153244195649405,1884.079719553124,562.97864282252,3205.1807962837283,2160.213120023145,-1161.985018811556,5482.411258857846,432.0426240046291,-232.39700376231116,1096.4822517715693,-3.23938395376394,-10.709416746657606,4.230648839129727,2.6,1.2427057023210772,3.957294297678923
9,0.5,6,10,5.176901997496823,4.1863521893418,6.1674518056518455,1.1940480151444541,-0.4888005448099184,2.8768965750988267,-0.012254669171493463,-0.040513986956516396,0.016004648613529474,1908.5890578961105,562.1479540591013,3255.0301617331197,2135.7037816801585,-1141.4743177479018,5412.881881108218,355.9506302800264,-190.2457196246503,902.1469801847031,-24.50933834298687,-81.0279739130326,32.009297227058866,2.7,1.2281484577712993,4.171851542228701
9,1.0,0,10,6.259422308850902,4.496587153882042,8.022257463819761,0.0,0.0,0.0,,,,5899.590389114759,198.20926825302467,11600.971509976494,0.0,0.0,0.0,,,,,,,0.0,0.0,0.0
9,1.0,1,10,5.691116872158084,4.4537337575616345,6.928499986754533,0.5683054366928194,-0.22310388845823026,1.3597147618438692,0.5683054366928194,-0.22310388845823026,1.3597147618438692,4356.3463261396955,790.6778279462605,7922.0148243331305,1543.244062975064,-963.7652714983674,4050.2533974484954,1543.244062975064,-963.7652714983674,4050.2533974484954,1543.244062975064,-963.7652714983674,4050.2533974484954,1.4,1.0305912822108199,1.76940871778918
9,1.0,2,10,5.254926806308573,4.434070807347368,6.075782805269778,1.0044955025423299,-0.010535041008836732,2.0195260460934965,0.4361900658495107,-0.1405385767865378,1.012918708485559,3421.7150145309315,769.9514874923079,6073.478541569555,2477.875374583828,-646.8756608631052,5602.626410030762,1238.937687291914,-323.4378304315526,2801.313205015381,934.6313116087637,-458.03157166550693,2327.2941948830344,2.5,1.8920635295453705,3.1079364704546295
9,1.0,3,10,5.169276189706151,4.439568806356298,5.898983573056005,1.0901461191447512,-0.04091449936221547,2.221206737651718,0.08565061660242143,-0.04279192902330134,0.2140931622281442,3185.9777993376515,861.0048200681003,5510.950778607203,2713.6125897771076,-784.652331470621,6211.877511024836,904.5375299257024,-261.550777156874,2070.6258370082787,235.73721519328,-155.20111655531986,626.6755469418799,3.0,2.4159135321319156,3.5840864678680844
9,1.0,4,10,5.0086546714355045,4.421124918988301,5.596184423882708,1.2507676374153984,-0.08089615158037478,2.582431426411172,0.16062151827064683,-0.046007996678511465,0.3672510332198051,2753.971851535913,993.6902325147635,4514.253470557063,3145.6185375788473,-974.3530924679771,7265.590167625672,786.4046343947118,-243.5882731169943,1816.397541906418,432.00594780173907,-205.58460196256982,1069.596497566048,3.6,2.7603227977234326,4.439677202276568
9,1.0,5,10,4.966162842155564,4.426767442940586,5.505558241370541,1.293259466695338,-0.1171217937876956,2.703640727178372,0.042491829279939795,-0.053631366686074496,0.1386150252459541,2637.997997840105,1057.5754957785807,4218.420499901629,3261.5923912746543,-1089.7398831799005,7612.92466572921,652.3184782549308,-217.94797663598,1522.5849331458417,115.9738536958076,-146.37723013947462,378.32493753108986,4.0,2.9336088867171126,5.066391113282887
9,1.0,6,10,4.958941303159434,4.4264323737702895,5.491450232548578,1.3004810056914682,-0.12349087122594771,2.724452882608884,0.007221538996129961,-0.009114717170391992,0.023557795162651912,2614.88907305249,1067.4859957532615,4162.292150351718,3284.70131606227,-1113.1475340466104,7682.5501661711505,547.4502193437116,-185.52458900776844,1280.4250276951916,23.108924787615614,-29.167094945254036,75.38494452048526,4.3,2.9917680023155224,5.608231997684477
9,2.0,0,10,6.7929740650412835,5.733118757304426,7.852829372778141,0.0,0.0,0.0,,,,11990.742812858996,7041.087212879183,16940.39841283881,0.0,0.0,0.0,,,,,,,0.0,0.0,0.0
9,2.0,1,10,6.164613727236988,5.4230292618107105,6.906198192663266,0.6283603378042977,0.17859611208031106,1.0781245635282843,0.6283603378042977,0.17859611208031106,1.0781245635282843,9509.251880204456,6064.062966676516,12954.440793732396,2481.4909326545403,509.919707772822,4453.062157536258,2481.4909326545403,509.919707772822,4453.062157536258,2481.4909326545403,509.919707772822,4453.062157536258,2.5,2.1229738062002994,2.8770261937997006
9,2.0,2,10,5.718018823890272,5.269067082710809,6.166970565069736,1.0749552411510126,0.2826930647567296,1.8672174175452956,0.4465949033467151,-0.12122728332747162,1.0144170900209017,7816.874166893734,5141.323583999547,10492.42474978792,4173.868645965264,1144.8522106574164,7202.885081273111,2086.934322982632,572.4261053287082,3601.4425406365553,1692.3777133107226,-486.5050462166248,3871.26047283807,4.8,4.142632368863729,5.457367631136271
9,2.0,3,10,5.463210128123551,5.085194240069512,5.84122601617759,1.3297639369177339,0.4511815720781307,2.208346301757337,0.25480869576672127,0.05081798411099023,0.4587994074224523,6804.554546229634,4739.26384905616,8869.845243403108,5186.188266629365,1749.3902235645664,8622.986309694163,1728.729422209788,583.1300745215219,2874.328769898054,1012.3196206641002,153.11753413327517,1871.521707194925,6.4,5.560322797723432,7.239677202276568
9,2.0,4,10,5.333358289731754,4.974361873338324,5.692354706125183,1.4596157753095311,0.5163933539877696,2.4028381966312926,0.12985183839179698,0.0017807949549331625,0.2579228818286608,6340.101989738614,4485.836606401279,8194.36737307595,5650.640823120383,1988.5133850941834,9312.768261146583,1412.6602057800958,497.12834627354584,2328.1920652866456,464.4525564910194,-19.768050917240146,948.673163899279,7.9,6.758911678514945,9.041088321485056
9,2.0,5,10,5.270426253512715,4.907396318063697,5.633456188961734,1.5225478115285696,0.556911687736441,2.488183935320698,0.0629320362190385,-0.020605256672977593,0.1464693291110546,6080.352734315677,4342.079717916543,7818.62575071481,5910.3900785433225,2121.7712114488563,9699.008945637788,1182.0780157086642,424.35424228977104,1939.8017891275574,259.749255422939,-76.62804457219067,596.1265554180686,8.9,7.451512664200449,10.348487335799552
9,2.0,6,10,5.2355986502547305,4.878915053688726,5.592282246820735,1.5573754147865546,0.5691793368014157,2.5455714927716935,0.03482760325798493,-0.029307611574332322,0.09896281809030219,5939.679955748706,4298.916215022953,7580.443696474458,6051.062857110292,2144.8484009668236,9957.277313253759,1008.5104761850487,357.4747334944708,1659.5462188756264,140.67277856696992,-121.4196973541249,402.7652544880648,9.6,7.975721447825582,11.224278552174418
9,4.0,0,10,7.073516366747944,6.266891280361451,7.880141453134437,0.0,0.0,0.0,,,,25031.06703288247,17845.87271938594,32216.261346379,0.0,0.0,0.0,,,,,,,0.0,0.0,0.0
9,4.0,1,10,6.15633442873959,5.547018089777183,6.765650767701997,0.9171819380083533,0.492446306257904,1.3419175697588028,0.9171819380083533,0.492446306257904,1.3419175697588028,18363.81762993317,13321.054733790817,23406.580526075526,6667.2494029493,3080.9157177707734,10253.583088127827,6667.2494029493,3080.9157177707734,10253.583088127827,6667.2494029493,3080.9157177707734,10253.583088127827,4.5,3.9941662808195155,5.005833719180485
9,4.0,2,10,5.792815298262747,5.3463224040480135,6.2393081924774805,1.2807010684851963,0.767533597993889,1.7938685389765037,0.36351913047684326,0.12672993522181367,0.6003083257318729,15690.551645987585,11925.778484234506,19455.324807740664,9340.51538689488,5071.671211504552,13609.359562285208,4670.25769344744,2535.835605752276,6804.679781142604,2673.265983945581,933.5683848466817,4412.96358304448,8.5,7.656943801365859,9.343056198634141
9,4.0,3,10,5.475281180082838,5.1652915751732635,5.785270784992413,1.598235186665105,0.9593912307600176,2.2370791425701926,0.31753411817990873,0.07702863804475735,0.5580395983150601,13419.420062089066,10878.025607109372,15960.81451706876,11611.646970793403,6321.348289356155,16901.94565223065,3870.548990264467,2107.1160964520514,5633.981884076883,2271.131583898522,417.56041325759793,4124.702754539446,12.1,11.119731896120777,13.080268103879222
9,4.0,4,10,5.238604854262261,5.0128488523511106,5.464360856173412,1.8349115124856819,1.115884153922532,2.5539388710488318,0.23667632582057685,0.09669426401493394,0.3766583876262197,11882.264934125109,10015.749097920452,13748.780770329766,13148.802098757355,7319.761233221312,18977.8429642934,3287.2005246893386,1829.940308305328,4744.46074107335,1537.1551279639555,552.1061291975275,2522.2041267303835,14.7,13.74321478103839,15.656785218961609
9,4.0,5,10,5.16579941091926,4.991127991441658,5.340470830396862,1.9077169558286833,1.200568733217375,2.6148651784399917,0.07280544334300139,-0.044353775737133394,0.18996466242313617,11381.836248931879,9716.321191137416,13047.351306726341,13649.23078395059,7953.623477076665,19344.838090824516,2729.846156790118,1590.7246954153331,3868.967618164903,500.4286851932323,-306.15239356099363,1307.0097639474582,16.9,16.1886284002805,17.611371599719497
9,4.0,6,10,5.118786622816741,4.963903548920908,5.273669696712575,1.954729743931202,1.2104695709169269,2.698989916945477,0.04701278810251859,-0.022739403166130823,0.116764979371168,11043.343698309814,9542.65655902474,12544.03083759489,13987.723334572653,8055.126010521254,19920.320658624052,2331.2872224287757,1342.5210017535424,3320.053443104009,338.4925506220634,-172.05257717386604,849.0376784179928,18.3,17.179020536686764,19.420979463313238
9,5.0,0,10,6.7682034181700015,5.862651419980353,7.67375541635965,0.0,0.0,0.0,,,,28449.6956787644,17748.479524686612,39150.91183284219,0.0,0.0,0.0,,,,,,,0.0,0.0,0.0
9,5.0,1,10,5.982129353956495,5.542723664894842,6.421535043018148,0.7860740642135067,0.15730321942048897,1.4148449090065243,0.7860740642135067,0.15730321942048897,1.4148449090065243,20989.79370205242,15684.981762979352,26294.605641125483,7459.901976711981,665.4218836639939,14254.382069759968,7459.901976711981,665.4218836639939,14254.382069759968,7459.901976711981,665.4218836639939,14254.382069759968,5.4,4.89981823161223,5.900181768387771
9,5.0,2,10,5.506333410616754,5.17076826373431,5.8418985574991975,1.2618700075532476,0.6098011061404365,1.9139389089660588,0.47579594333974107,0.25372510841694484,0.6978667782625373,16795.47593129604,12808.713258768843,20782.23860382324,11654.219747468363,4513.975151123181,18794.464343813546,5827.109873734182,2256.9875755615903,9397.232171906773,4194.317770756383,2178.4161414220052,6210.21940009076,10.6,9.831014432271884,11.368985567728116
9,5.0,3,10,5.322805680619335,5.084482079011877,5.561129282226792,1.4453977375506672,0.6834782668766219,2.207317208224713,0.18352772999741954,0.029884999213465546,0.3371704607813735,15147.721081137137,12242.783788292916,18052.658373981358,13301.974597627264,5133.941050999846,21470.008144254683,4433.991532542421,1711.313683666615,7156.669381418227,1647.7548501589022,245.4538015838341,3050.05589873397,15.1,14.179561759359112,16.02043824064089
9,5.0,4,10,5.168804285852408,4.94912188407351,5.388486687631306,1.5993991323175936,0.768337272637469,2.4304609919977183,0.15400139476692623,0.06481910635748009,0.24318368317637237,13894.585051840468,11504.61634163341,16284.553762047526,14555.110626923935,5711.589149001455,23398.632104846416,3638.777656730984,1427.8972872503637,5849.658026211604,1253.1360292966679,403.6495787667368,2102.622479826599,18.7,17.267300463561135,20.132699536438864
9,5.0,5,10,5.126600339367162,4.94551031908708,5.307690359647244,1.6416030788028393,0.8115495689155104,2.471656588690168,0.04220394648524595,-0.05385481498428611,0.13826270795477802,13567.164525169981,11261.906104794376,15872.422945545586,14882.53115359442,6076.959296118341,23688.1030110705,2976.5062307188837,1215.3918592236682,4737.6206022141,327.4205266704856,-416.0807375717622,1070.9217909127333,21.5,19.80547801242238,23.19452198757762
9,5.0,6,10,5.108825125020318,4.937042581935285,5.280607668105351,1.6593782931496839,0.8133626559939776,2.5053939303053903,0.01777521434684424,-0.03401221937093518,0.06956264806462366,13404.592043395829,11243.754459139172,15565.429627652486,15045.103635368569,6146.188560766992,23944.018709970143,2507.5172725614284,1024.3647601278317,3990.669784995025,162.5724817741524,-261.23319836006283,586.3781619083676,23.5,21.555480323685313,25.444519676314687
9,6.0,0,10,7.647321046910801,5.833813550860657,9.460828542960947,0.0,0.0,0.0,,,,42423.62533718365,17804.94081737585,67042.30985699146,0.0,0.0,0.0,,,,,,,0.0,0.0,0.0
9,6.0,1,10,6.132689505786912,5.463842838457962,6.801536173115862,1.5146315411238904,0.1856956616669856,2.8435674205807953,1.5146315411238904,0.1856956616669856,2.8435674205807953,25779.385621131365,16644.134708428464,34914.636533834266,16644.239716052278,-774.7548923417271,34063.23432444628,16644.239716052278,-774.7548923417271,34063.23432444628,16644.239716052278,-774.7548923417271,34063.23432444628,6.8,6.347568567440359,7.252431432559641
9,6.0,2,10,5.453017524459225,5.096717819766779,5.809317229151672,2.1943035224515754,0.5908747419225102,3.7977323029806405,0.6796719813276849,0.2840186535790036,1.0753253090763661,18902.632345887818,13743.10359961768,24062.161092157956,23520.992991295832,2593.4565787274914,44448.52940386417,11760.496495647916,1296.7282893637457,22224.264701932087,6876.753275243551,2315.5941430872817,11437.912407399821,12.5,11.656943801365859,13.343056198634141
9,6.0,3,10,5.272718775555541,4.9797684420516966,5.565669109059385,2.3746022713552604,0.7696887883870527,3.979515754323468,0.18029874890368536,0.035815029110985774,0.32478246869638494,17094.880482629236,12879.966231238923,21309.79473401955,25328.744854554414,4321.306994025006,46336.18271508382,8442.914951518138,1440.435664675002,15445.394238361274,1807.7518632585816,169.09526076452653,3446.4084657526364,17.0,15.651110082185376,18.348889917814624
9,6.0,4,10,5.132316620943362,4.906130913245863,5.358502328640861,2.515004425967439,0.8096601668528443,4.220348685082033,0.14040215461217792,0.01361054711871354,0.2671937621056423,15618.786304678684,12522.951489349136,18714.621120008233,26804.83903250497,4534.764969102631,49074.91309590731,6701.209758126242,1133.6912422756577,12268.728273976827,1476.0941779505517,52.37052396499803,2899.8178319361054,20.6,18.84126272068586,22.35873727931414
9,6.0,5,10,5.063183475996475,4.8530570390617065,5.273309912931243,2.584137570914327,0.8810948034008117,4.287180338427842,0.06913314494688824,-0.0012194358741460243,0.1394857257679225,14960.595151272273,12084.066892573877,17837.123409970667,27463.03018591138,5166.042845618205,49760.01752620455,5492.606037182275,1033.2085691236398,9952.003505240911,658.1911534064093,3.075038392083343,1313.3072684207352,23.6,21.4354624450628,25.764537554937203
9,6.0,6,10,5.058193365701572,4.851121310992441,5.265265420410704,2.58912768120923,0.8767419743576104,4.301513388060849,0.0049901102949028164,-0.005611069679919709,0.015591290269725342,14917.676821330751,12090.230971258385,17745.122671403118,27505.948515852895,5127.995518364383,49883.90151334141,4584.324752642149,854.6659197273971,8313.983585556902,42.91832994152046,-47.72729797050308,133.563957853544,25.7,23.043637074821575,28.356362925178423
9,8.0,0,10,10.155525398338998,4.9232116779971555,15.38783911868084,0.0,0.0,0.0,,,,92678.88121219071,2864.268306863829,182493.4941175176,0.0,0.0,0.0,,,,,,,0.0,0.0,0.0
9,8.0,1,10,6.368586848862983,5.299753988717679,7.437419709008287,3.786938549476018,-0.41888443516977025,7.992761534121806,3.786938549476018,-0.41888443516977025,7.992761534121806,37131.85252792468,17926.794169620396,56336.91088622897,55547.02868426605,-15527.147904600082,126621.20527313219,55547.02868426605,-15527.147904600082,126621.20527313219,55547.02868426605,-15527.147904600082,126621.20527313219,8.4,7.796758089920479,9.003241910079522
9,8.0,2,10,5.532811779034862,5.049083027835538,6.016540530234186,4.62271361930414,-0.20649112669748781,9.451918365305767,0.8357750698281216,0.19086140374944627,1.4806887359067968,25403.224543363573,16782.285799192283,34024.16328753486,67275.65666882714,-14706.917163280086,149258.23050093435,33637.82833441357,-7353.458581640043,74629.11525046718,11728.627984561108,614.3521158420644,22842.90385328015,16.4,15.560322797723432,17.239677202276567
9,8.0,3,10,5.251610592580016,5.011713361740841,5.49150782341919,4.903914805758985,-0.19500705665240403,10.002836668170374,0.2812011864548457,-0.0018901933031634788,0.5642925662128548,21572.500680751207,17128.211804753504,26016.78955674891,71106.38053143953,-15186.796297879366,157399.55736075842,23702.126843813174,-5062.26543262646,52466.51912025281,3830.7238626123644,-597.0863336725288,8258.534058897258,22.2,20.817799142345425,23.582200857654573
9,8.0,4,10,5.12004939649952,4.917499504289272,5.322599288709768,5.035476001839481,-0.1340042014318552,10.204956205110816,0.13156119608049596,0.04644013164033642,0.2166822605206555,19853.17366978911,16482.001933394444,23224.345406183777,72825.70754240161,-14709.150582783986,160360.56566758722,18206.426885600402,-3677.2876456959966,40090.141416896804,1719.3270109620942,360.37228860017535,3078.2817333240127,27.0,25.280495996843666,28.719504003156334
9,8.0,5,10,5.078748741500222,4.915717981670984,5.24177950132946,5.076776656838778,-0.11096329088040058,10.264516604557956,0.04130065499929705,-0.010319002808775762,0.09292031280736986,19345.162234361786,16474.665285132633,22215.65918359094,73333.71897782895,-14467.783828328422,161135.22178398632,14666.74379556579,-2893.556765665684,32227.04435679726,508.01143542732643,-117.00010453973618,1133.022975394389,30.5,28.555480323685313,32.44451967631469
9,8.0,6,10,5.086519805568253,4.915725667260333,5.257313943876173,5.069005592770748,-0.12177860844698252,10.259789793988478,-0.007771064068029965,-0.025560242171728097,0.010018114035668168,19432.294132649415,16555.607042155123,22308.981223143706,73246.5870795413,-14589.713902749223,161082.88806183182,12207.764513256883,-2431.6189837915354,26847.148010305304,-87.13189828763188,-298.33925831921295,124.07546174394918,33.1,30.657754806733504,35.5422451932665
9,10.0,0,10,7.219009222670342,5.008790836686035,9.42922760865465,0.0,0.0,0.0,,,,58499.89268021907,17847.179610065774,99152.60575037237,0.0,0.0,0.0,,,,,,,0.0,0.0,0.0
9,10.0,1,10,5.607078203551135,5.0322292780011635,6.181927129101106,1.611931019119209,-0.1402798243428538,3.3641418625812722,1.611931019119209,-0.1402798243428538,3.3641418625812722,31863.78554223982,21373.279966533446,42354.291117946195,26636.107137979252,-5052.014702913082,58324.228978871586,26636.107137979252,-5052.014702913082,58324.228978871586,26636.107137979252,-5052.014702913082,58324.228978871586,10.1,9.693930361956395,10.506069638043604
9,10.0,2,10,5.121240308648372,4.878595914938892,5.3638847023578515,2.097768914021971,-0.0683577657968879,4.26389559384083,0.4858378949027621,0.047318643904547764,0.9243571459009764,24085.10590200666,20052.664738975327,28117.547065037994,34414.786778212416,-4696.327919019808,73525.90147544464,17207.393389106208,-2348.163959509904,36762.95073772232,7778.679640233163,3.3805518846857012,15553.97872858164,18.2,17.25818886975084,19.14181113024916
9,10.0,3,10,4.948062947515597,4.7602023479204485,5.135923547110745,2.270946275154747,0.08820207717832318,4.453690473131171,0.17317736113277551,0.0850742266028707,0.2612804956626803,21506.926876297053,18371.033787589444,24642.819965004663,36992.96580392202,-2492.270543479288,76478.20215132333,12330.988601307341,-830.7568478264311,25492.73405044111,2578.1790257096063,1227.6230975555757,3928.734953863637,25.2,23.520645595446865,26.879354404553133
9,10.0,4,10,4.891730408822019,4.716124428049512,5.067336389594526,2.327278813848324,0.1480374490383829,4.506520178658265,0.05633253869357722,0.020593457154256506,0.09207162023289793,20703.060173026704,17773.93431653962,23632.18602951379,37796.832507192375,-1648.3382909592983,77242.00330534406,9449.208126798094,-412.0845727398246,19310.500826336014,803.8667032703448,284.1290225744268,1323.604383966263,30.1,28.09218064233794,32.107819357662066
9,10.0,5,10,4.868026811633996,4.711527919175641,5.024525704092351,2.3509824110363473,0.17168783886218275,4.530276983210512,0.023703597188023284,-0.010395184382501282,0.05780237875854785,20378.53283251002,17676.3770176963,23080.68864732374,38121.359847709056,-1316.5943477662295,77559.31404318433,7624.271969541811,-263.31886955324717,15511.86280863687,324.52734051668597,-130.2461077999199,779.3007888332918,33.1,30.657754806733504,35.5422451932665
9,10.0,6,10,4.869009469462293,4.711615286381827,5.02640365254276,2.34999975320805,0.1706366244896147,4.5293628819264855,-0.0009826578282968513,-0.003205584273158302,0.0012402686165645994,20395.827610288045,17672.917512965454,23118.737707610635,38104.065069931035,-1334.7993210035638,77542.92946086563,6350.677511655173,-222.46655350059336,12923.821576810938,-17.294777778022763,-56.418283207580174,21.82872765153465,35.3,32.58017997062138,38.019820029378614
9,11.0,0,10,7.401536708956378,4.44197383951983,10.361099578392928,0.0,0.0,0.0,,,,69931.66818455693,9139.107768256254,130724.2286008576,0.0,0.0,0.0,,,,,,,0.0,0.0,0.0
9,11.0,1,10,5.639498944880935,4.92895052801556,6.35004736174631,1.7620377640754412,-0.5147257771920162,4.038801305342899,1.7620377640754412,-0.5147257771920162,4.038801305342899,36514.19537980394,21553.30716696663,51475.08359264125,33417.472804752986,-12767.18048187199,79602.12609137796,33417.472804752986,-12767.18048187199,79602.12609137796,33417.472804752986,-12767.18048187199,79602.12609137796,10.4,9.796758089920479,11.003241910079522
9,11.0,2,10,5.103931892466464,4.849079212218984,5.358784572713943,2.2976048164899137,-0.5689111978944172,5.164120830874245,0.535567052414472,-0.057666657174178626,1.1288007620031226,26807.976470613874,22166.578050269745,31449.374890958003,43123.691713943044,-15048.608427671978,101295.99185555807,21561.845856971522,-7524.304213835989,50647.99592777903,9706.218909190055,-2323.7384854264183,21736.176303806526,19.0,17.56928618805867,20.43071381194133
9,11.0,3,10,4.895987250574128,4.7319872779615615,5.059987223186695,2.505549458382247,-0.3986991389294001,5.409798055693894,0.20794464189233386,0.0893848208839001,0.3265044629007676,23407.99769316387,20209.09152956219,26606.90385676555,46523.67049139306,-12427.552657940541,105474.89364072666,15507.890163797687,-4142.51755264685,35158.29788024222,3399.978777450012,1442.2182416499963,5357.739313250027,25.6,23.571052533087872,27.62894746691213
9,11.0,4,10,4.827261681812795,4.68792785803818,4.966595505587409,2.5742750271435817,-0.34442086574949426,5.492970920036658,0.0687255687613347,0.020645071833751805,0.1168060656889176,22273.048867596845,19593.06496449851,24953.03277069518,47658.61931696008,-11579.183418813467,106896.42205273363,11914.65482924002,-2894.795854703367,26724.105513183407,1134.9488255670233,346.57097112621864,1923.326680007828,30.1,27.777078008027615,32.42292199197239
9,11.0,5,10,4.807951306817438,4.676000152965519,4.939902460669358,2.593585402138938,-0.34302795333376146,5.530198757611638,0.01931037499535613,-0.0046540011831788484,0.04327475117389111,21950.446352538915,19473.15907466818,24427.73363040965,47981.22183201801,-11636.716684236839,107599.16034827285,9596.2443664036,-2327.343336847369,21519.83206965457,322.60251505792877,-121.94324826314272,767.1482783790002,33.2,30.50643874370788,35.89356125629213
9,11.0,6,10,4.808675791450921,4.678419127735557,4.9389324551662845,2.592860917505457,-0.34638149456999745,5.532103329580911,-0.000724484633481648,-0.006351794887955628,0.004902825620992332,21961.882206709786,19518.0078435733,24405.75656984627,47969.78597784713,-11703.081866260596,107642.65382195485,7994.964329641189,-1950.513644376766,17940.442303659143,-11.435854170870153,-118.94327272978724,96.07156438804692,36.0,32.730506757769035,39.269493242230965
9,12.0,0,10,8.507611783229338,4.391674284512556,12.62354928194612,0.0,0.0,0.0,,,,99901.32902546685,6169.852696612565,193632.80535432114,0.0,0.0,0.0,,,,,,,0.0,0.0,0.0
9,12.0,1,10,5.626626051247836,5.028715553097559,6.224536549398113,2.8809857319815015,-0.7206327844374583,6.482604248400461,2.8809857319815015,-0.7206327844374583,6.482604248400461,39564.41354215162,25882.17440328042,53246.65268102282,60336.91548331523,-20844.993883014366,141518.82484964482,60336.91548331523,-20844.993883014366,141518.82484964482,60336.91548331523,-20844.993883014366,141518.82484964482,11.2,10.747568567440359,11.65243143255964
9,12.0,2,10,5.029307668496115,4.808187659018745,5.250427677973485,3.478304114733222,-0.5870920240731912,7.543700253539635,0.5973183827517203,0.11622106056804621,1.0784157049353944,27965.889615647764,23591.27545811687,32340.503773178658,71935.43940981907,-19671.857307940125,163542.73612757825,35967.719704909534,-9835.928653970062,81771.36806378912,11598.523926503862,901.8419686670895,22295.205884340634,20.4,19.174809888807,21.625190111192996
9,12.0,3,10,4.889416346571512,4.714628475502527,5.064204217640496,3.618195436657826,-0.46444254623653913,7.7008334195521915,0.1398913219246042,0.05635001955184893,0.2234326242973595,25443.025778129282,21896.28856726547,28989.762988993094,74458.30324733756,-17575.47047712817,166492.0769718033,24819.434415779186,-5858.490159042722,55497.35899060109,2522.8638375184782,1026.2743183595742,4019.4533566773825,27.4,25.261892466201793,29.538107533798204
9,12.0,4,10,4.83197016618322,4.696989667539533,4.966950664826907,3.675641617046118,-0.41605999803170146,7.767343232123937,0.05744618038829197,0.007332812474506234,0.1075595483020777,24391.026823396365,21524.03219345304,27258.02145333969,75510.30220207048,-16768.23300645445,167788.8374105954,18877.57555051762,-4192.058251613613,41947.20935264885,1051.998954732923,174.72173510074242,1929.2761743651035,32.3,29.91428501650427,34.68571498349573
9,12.0,5,10,4.826235943604464,4.689065302523447,4.963406584685481,3.6813758396248737,-0.41619111617308047,7.778942795422828,0.005734222578755865,-0.004475991383168282,0.015944436540680014,24292.303693120186,21451.618367674957,27132.989018565415,75609.02533234666,-16813.97853504517,168032.0291997385,15121.805066469335,-3362.7957070090324,33606.4058399477,98.72313027617565,-88.51138634045802,285.9576468928093,35.7,32.897804968456946,38.50219503154306
9,12.0,6,10,4.827496368907289,4.690225563388034,4.964767174426544,3.6801154143220485,-0.4196792865849508,7.779910115229048,-0.0012604253028246858,-0.007351156188653613,0.00483030558300424,24313.321947937155,21495.339193611173,27131.304702263136,75588.0070775297,-16886.598169459015,168062.61232451844,12598.001179588286,-2814.4330282431674,28010.43538741974,-21.01825481696651,-144.68594978805632,102.64944015412328,38.6,35.54259883997254,41.65740116002746
10,0.5,0,10,5.597881370704645,3.7051131128160977,7.490649628593192,0.0,0.0,0.0,,,,2917.452949738717,-284.8369274664815,6119.742826943915,0.0,0.0,0.0,,,,,,,0.0,0.0,0.0
10,0.5,1,10,5.27483002909167,3.787147783251628,6.762512274931712,0.3230513416129744,-0.43937832085623535,1.085481004082184,0.3230513416129744,-0.43937832085623535,1.085481004082184,2243.912654036204,154.1745396344122,4333.650768437996,673.5402957025132,-836.7401959428847,2183.820787347911,673.5402957025132,-836.7401959428847,2183.820787347911,673.5402957025132,-836.7401959428847,2183.820787347911,0.7,0.3544497855863562,1.0455502144136437
10,0.5,2,10,5.094467453815216,3.782874227610691,6.406060680019742,0.5034139168894286,-0.4367465620417583,1.4435743958206155,0.18036257527645422,-0.07739795850794196,0.4381231090608504,1945.3199182445414,258.9157982625686,3631.7240382265145,972.1330314941756,-838.7952290010323,2783.061291989384,486.0665157470878,-419.39761450051617,1391.530645994692,298.59273579166245,-128.28687859809736,725.4723501814223,1.1,0.4736370443276462,1.726362955672354
10,0.5,3,10,5.083350474547588,3.78512127516257,6.381579673932606,0.5145308961570562,-0.42804813047316315,1.4571099227872755,0.011116979267627534,-0.014518820894500534,0.036752779429755605,1927.5327514163375,267.8538555329999,3587.211647299675,989.9201983223797,-823.1371454062039,2802.977542050963,329.97339944079323,-274.37904846873454,934.325847350321,17.787166828204136,-23.23011343120097,58.80444708760924,1.4,0.495137134880718,2.304862865119282
10,0.5,4,10,5.075049134387213,3.7838717372823236,6.366226531492103,0.522832236317431,-0.43206100463261954,1.4777254772674815,0.00830134016037487,-0.004843024092124752,0.021445704412874494,1912.1822792819194,273.1318056650093,3551.2327528988294,1005.270670456798,-831.8870040849903,2842.4283449985865,251.3176676141995,-207.97175102124757,710.6070862496466,15.350472134418245,-9.814365263901076,40.51530953273757,1.7,0.48179108586918673,2.918208914130813
10,0.5,5,10,5.073248769684825,3.784194097386967,6.362303441982682,0.5246326010198199,-0.43073631218391106,1.480001514223551,0.0018003647023889296,-0.0023512837461955594,0.005952013150973419,1909.301695758097,274.54337042854377,3544.06002108765,1008.1512539806204,-829.4635868341275,2845.766094795368,201.63025079612407,-165.89271736682554,569.1532189590737,2.880583523822376,-3.762053993913011,9.523221041557763,1.9,0.45151266420044855,3.3484873357995513
10,0.5,6,10,5.019165716534271,3.789043494635239,6.249287938433303,0.5787156541703724,-0.3990868359921176,1.5565181443328624,0.054083053150552535,-0.0706326910590883,0.17879879736019338,1822.7688107172128,309.0100587870995,3336.527562647326,1094.6841390215045,-767.6903787910421,2957.0586568340514,182.44735650358407,-127.94839646517354,492.84310947234167,86.53288504088414,-113.0123056945414,286.0780757763097,2.1,0.39878027094858126,3.801219729051419
10,1.0,0,10,5.494816460079495,3.9708866819806827,7.018746238178307,0.0,0.0,0.0,,,,4036.3174637613993,361.49670274445225,7711.138224778346,0.0,0.0,0.0,,,,,,,0.0,0.0,0.0
10,1.0,1,10,4.993596527539204,4.017560666957632,5.969632388120775,0.5012199325402918,-0.12689857917262737,1.129338444253211,0.5012199325402918,-0.12689857917262737,1.129338444253211,2906.884854290291,603.0487660817948,5210.720942498787,1129.432609471108,-400.6554622046847,2659.5206811469006,1129.432609471108,-400.6554622046847,2659.5206811469006,1129.432609471108,-400.6554622046847,2659.5206811469006,1.1,0.6939303619563958,1.5060696380436043
10,1.0,2,10,4.889692368269562,4.012006264792842,5.767378471746281,0.6051240918099339,-0.1677489248922085,1.3779971085120764,0.103904159269642,-0.04798549115354267,0.25579380969282667,2661.1909864629947,649.9892460749711,4672.392726851018,1375.1264772984039,-498.0392468574262,3248.2922014542337,687.5632386492019,-249.0196234287131,1624.1461007271168,245.6938678272959,-101.55510667873665,592.9428423333284,1.8,1.1426323688637292,2.457367631136271
10,1.0,3,10,4.84411179738572,3.998168931062394,5.690054663709046,0.6507046626937748,-0.13538137202782785,1.4367906974153775,0.04558057088384091,-0.024873977903965526,0.11603511967164734,2539.0395915465524,651.6425424277807,4426.436640665324,1497.2778722148464,-427.0717096329495,3421.6274540626423,499.0926240716155,-142.35723654431655,1140.5424846875476,122.15139491644277,-65.18106616659406,309.4838559994796,2.2,1.3206313603429294,3.079368639657071
10,1.0,4,10,4.837835486086687,3.997610368602418,5.678060603570955,0.656980973992808,-0.1384884920302265,1.4524504400158424,0.00627631129903321,-0.0035124134352498048,0.016065036033316226,2523.017165817623,654.7092559768323,4391.325075658414,1513.3002979437756,-435.2158329297331,3461.8164288172843,378.3250744859439,-108.80395823243327,865.4541072043211,16.02242572892892,-8.533281170650955,40.5781326285088,2.5,1.3689214186008976,3.6310785813991027
10,1.0,5,10,4.849507255674725,3.993201953149112,5.705812558200337,0.6453092044047702,-0.13778730419911112,1.4284057130086516,-0.011671769588037773,-0.03807514676414768,0.01473160758807213,2555.6981206641294,628.8513366965192,4482.54490463174,1480.6193430972696,-426.9697218060883,3388.2084080006275,296.1238686194539,-85.39394436121773,677.6416816001256,-32.680954846506026,-106.61041093961434,41.24850124660229,2.8,1.3772568005610022,4.222743199438997
10,1.0,6,10,4.824091310582564,4.00211717825079,5.646065442914338,0.6707251494969314,-0.14017482211547683,1.4816251211093396,0.025415945092161163,-0.03207891714735708,0.08291080733167941,2484.533474406078,683.7063491395315,4285.360599672624,1551.783989355321,-447.358545490011,3550.926524200653,258.6306648925535,-74.5597575816684,591.8210873667754,71.16464625805148,-89.8209680126001,232.15026052870306,3.1,1.3656795085213762,4.834320491478624
10,2.0,0,10,6.193820953765054,4.987626029269166,7.400015878260942,0.0,0.0,0.0,,,,8822.315347829714,3919.045692434167,13725.58500322526,0.0,0.0,0.0,,,,,,,0.0,0.0,0.0
10,2.0,1,10,5.745898358200394,4.8672808873634406,6.624515829037348,0.44792259556465924,0.1001976554493979,0.7956475356799206,0.44792259556465924,0.1001976554493979,0.7956475356799206,7216.4029193583265,3585.5043088391753,10847.301529877477,1605.9124284713866,300.23125582984085,2911.5936011129324,1605.9124284713866,300.23125582984085,2911.5936011129324,1605.9124284713866,300.23125582984085,2911.5936011129324,2.3,1.817170888066816,2.7828291119331836
10,2.0,2,10,5.543270070166281,4.929596366597039,6.156943773735524,0.650550883598773,-0.025958967296958457,1.3270607344945045,0.2026282880341137,-0.1492616815770314,0.5545182576452587,6499.911388435527,3656.6506075700454,9343.17216930101,2322.4039593941866,-73.46237476504712,4718.27029355342,1161.2019796970933,-36.73118738252356,2359.13514677671,716.4915309228002,-488.9532738989749,1921.9363357445752,4.1,3.4736370443276456,4.726362955672354
10,2.0,3,10,5.414472562988891,4.937200032925158,5.891745093052624,0.7793483907761637,-0.10394588779004688,1.6626426693423744,0.12879750717739072,-0.08656750472508784,0.3441625190798693,6032.295252218295,3682.775172113107,8381.815332323484,2790.020095611418,-321.4487862728829,5901.488977495719,930.0066985371395,-107.14959542429415,1967.1629924985732,467.6161362172314,-275.0368516252537,1210.2691240597164,5.3,4.230946233100898,6.369053766899102
10,2.0,4,10,5.329478126268013,4.900895731863394,5.758060520672632,0.8643428274970419,-0.03830597761568133,1.7669916326097652,0.08499443672087832,0.004801192261279327,0.16518768118047733,5708.091928337029,3622.4883554189278,7793.69550125513,3114.223419492686,-127.39888574091583,6355.845724726288,778.5558548731715,-31.849721435228957,1588.961431181572,324.2033238812678,-1.3515444749433527,649.758192237479,6.1,4.651512664200448,7.5484873357995514
10,2.0,5,10,5.291580900086773,4.890607668138659,5.6925541320348865,0.9022400536782816,-0.05591993260686301,1.8604000399634262,0.037897226181239765,-0.020287677361019975,0.0960821297234995,5597.2424816838975,3612.7512397595665,7581.7337236082285,3225.072866145816,-175.06663001550442,6625.212362307137,645.0145732291633,-35.013326003100815,1325.0424724614272,110.84944665313014,-56.32313317260042,278.0220264788607,6.7,4.913993849898369,8.48600615010163
10,2.0,6,10,5.291580900086773,4.890607668138659,5.6925541320348865,0.9022400536782816,-0.05591993260686301,1.8604000399634262,0.0,0.0,0.0,5597.2424816838975,3612.7512397595665,7581.7337236082285,3225.072866145816,-175.06663001550442,6625.212362307137,537.5121443576361,-29.17777166925066,1104.2020603845228,0.0,0.0,0.0,7.1,5.008948691459457,9.191051308540542
10,4.0,0,10,6.119002597228249,5.492444185988464,6.745561008468035,0.0,0.0,0.0,,,,16075.504502402371,11652.662766451003,20498.34623835374,0.0,0.0,0.0,,,,,,,0.0,0.0,0.0
10,4.0,1,10,5.617377535220816,5.266121208521953,5.96863386191968,0.5016250620074325,0.15823427985475597,0.845015844160109,0.5016250620074325,0.15823427985475597,0.845015844160109,12921.620994262332,10430.428772248039,15412.813216276625,3153.88350814004,891.5861056463846,5416.180910633695,3153.88350814004,891.5861056463846,5416.180910633695,3153.88350814004,891.5861056463846,5416.180910633695,4.3,3.954449785586356,4.645550214413643
10,4.0,2,10,5.413465821692131,5.148369025102352,5.67856261828191,0.7055367755361177,0.3202752824637213,1.090798268608514,0.20391171352868512,0.020640156622622807,0.38718327043474743,11725.614749036149,9409.598421291039,14041.63107678126,4349.889753366221,1930.5054623489946,6769.274044383448,2174.9448766831106,965.2527311744973,3384.637022191724,1196.0062452261814,122.4953381358605,2269.5171523165022,8.2,7.461182564421639,8.93881743557836
10,4.0,3,10,5.302417340477808,5.1044378371339425,5.500396843821673,0.8165852567504404,0.3264854391089559,1.306685074391925,0.11104848121432269,-0.017171198966557014,0.2392681613952024,11074.168579999703,9003.49825799913,13144.838902000276,5001.335922402667,1944.9013093088788,8057.7705354964555,1667.1119741342222,648.3004364362928,2685.9235118321517,651.4461690364463,-132.13252924382118,1435.0248673167139,10.6,9.422132516827027,11.777867483172972
10,4.0,4,10,5.269090398776764,5.0770565513690995,5.461124246184428,0.8499121984514844,0.33442978119104483,1.3653946157119239,0.03332694170104409,-0.00889056634209956,0.07554444974418774,10878.99311374493,8834.52539158991,12923.460835899949,5196.51138865744,1996.7756282239352,8396.247149090945,1299.12784716436,499.1939070559838,2099.061787272736,195.17546625477263,-59.87290101315875,450.223833522704,12.1,10.575023422058743,13.624976577941256
10,4.0,5,10,5.242081832787835,5.055845353110455,5.428318312465215,0.876920764440414,0.3693521559486076,1.3844893729322205,0.02700856598892969,-0.009752699277012524,0.0637698312548719,10687.530526095208,8769.130772102575,12605.930280087841,5387.973976307161,2228.514774365252,8547.43317824907,1077.5947952614324,445.70295487305054,1709.4866356498142,191.4625876497217,-70.92185161118587,453.8470269106293,13.0,11.313887602731718,14.686112397268282
10,4.0,6,10,5.207806986307718,5.0463075076492805,5.369306464966155,0.9111956109205313,0.37662605143571837,1.4457651704053442,0.03427484648011703,-0.0036503989283307448,0.0722000918885648,10498.859126444357,8688.135811036069,12309.582441852644,5576.645375958014,2265.5128792706237,8887.777872645403,929.4408959930022,377.5854798784371,1481.2963121075672,188.6713996508526,-17.122743428206604,394.4655427299118,13.9,11.920702252728603,15.879297747271398
10,5.0,0,10,6.196165299616281,5.621399360842926,6.770931238389636,0.0,0.0,0.0,,,,20651.857954608127,14535.14579831191,26768.570110904344,0.0,0.0,0.0,,,,,,,0.0,0.0,0.0
10,5.0,1,10,5.580377323121228,5.281163399660184,5.8795912465822715,0.6157879764950523,0.29256445322140123,0.9390114997687035,0.6157879764950523,0.29256445322140123,0.9390114997687035,15765.820499080908,12337.116511925315,19194.524486236503,4886.037455527222,1949.5019708251025,7822.572940229342,4886.037455527222,1949.5019708251025,7822.572940229342,4886.037455527222,1949.5019708251025,7822.572940229342,5.2,4.747568567440359,5.652431432559641
10,5.0,2,10,5.427565562153985,5.1645763480340285,5.690554776273942,0.7685997374622943,0.3990802564705201,1.1381192184540685,0.15281176096724192,0.06979907683823593,0.2358244450962479,14606.422970532603,11504.607455558456,17708.23848550675,6045.434984075528,2722.871859561067,9367.998108589989,3022.717492037764,1361.4359297805336,4683.9990542949945,1159.3975285483061,529.650403160891,1789.1446539357212,9.3,8.4046123998097,10.195387600190301
10,5.0,3,10,5.285128631729085,5.122456170171058,5.447801093287112,0.9110366678871941,0.4142455865725771,1.407827749201811,0.1424369304248998,-0.036803311380020604,0.3216771722298202,13474.182607631334,11120.232753506316,15828.132461756351,7177.675346976798,2799.5185699634967,11555.8321239901,2392.5584489922658,933.1728566544984,3851.944041330033,1132.2403629012688,-310.8240105113173,2575.304736313855,12.9,11.375023422058744,14.424976577941257
10,5.0,4,10,5.256868788782282,5.101301352174784,5.41243622538978,0.9392965108339986,0.44687372954296306,1.4317192921250341,0.028259842946804437,-0.0020774832637882844,0.058597169157397155,13253.319667001051,10994.030387507904,15512.608946494198,7398.538287607082,3025.5833280546904,11771.493247159473,1849.6345719017704,756.3958320136726,2942.8733117898682,220.86294063028345,-5.110582190994478,446.8364634515614,14.9,12.755254426220477,17.044745573779522
10,5.0,5,10,5.224301406851561,5.081049294661355,5.367553519041767,0.9718638927647192,0.4830444203127122,1.4606833652167261,0.03256738193072062,-0.009447321271796712,0.07458208513323794,13017.805917901063,10816.753227045938,15218.858608756189,7634.052036707066,3279.158724535194,11988.945348878937,1526.8104073414129,655.8317449070387,2397.789069775787,235.5137490999852,-52.81040908950865,523.8379072894791,16.5,14.03919997062898,18.960800029371022
10,5.0,6,10,5.2244978358291245,5.082714776861073,5.366280894797176,0.9716674637871563,0.46120064331163446,1.4821342842626781,-0.00019642897756302346,-0.026548576935820935,0.02615571898069489,13005.447855230319,10854.676268435167,15156.219442025471,7646.41009937781,3159.452881783567,12133.367316972053,1274.4016832296352,526.5754802972614,2022.2278861620089,12.35806267074604,-149.35274103432954,174.06886637582164,17.5,14.796956198710424,20.203043801289578
10,6.0,0,10,6.056580527942694,5.518328696865004,6.594832359020384,0.0,0.0,0.0,,,,22447.426567367187,16390.76433878742,28504.088795946955,0.0,0.0,0.0,,,,,,,0.0,0.0,0.0
10,6.0,1,10,5.59173466293098,5.251031377586073,5.932437948275887,0.4648458650117139,0.22764542791208092,0.7020463021113468,0.4648458650117139,0.22764542791208092,0.7020463021113468,18337.37434611565,14062.554023392016,22612.194668839278,4110.052221251546,1895.063601663565,6325.040840839527,4110.052221251546,1895.063601663565,6325.040840839527,4110.052221251546,1895.063601663565,6325.040840839527,6.2,5.6357188627848345,6.764281137215166
10,6.0,2,10,5.395586246576094,5.122357524799611,5.668814968352578,0.6609942813666007,0.3657686583220482,0.9562199044111531,0.19614841635488683,0.09613228286540115,0.2961645498443725,16634.32769579161,13109.971862084449,20158.68352949877,5813.098871575583,2948.0581080682127,8678.139635082953,2906.5494357877915,1474.0290540341064,4339.069817541476,1703.0466503240364,796.0575784988383,2610.0357221492345,11.4,10.434341776133634,12.365658223866367
10,6.0,3,10,5.286336952805345,5.10524485885143,5.467429046759261,0.7702435751373498,0.36222241499008034,1.1782647352846192,0.10924929377074903,-0.034603608305019753,0.25310219584651783,15646.78146563235,12901.578618112675,18391.984313152025,6800.645101734843,2886.012957960775,10715.27724550891,2266.881700578281,962.0043193202587,3571.7590818363037,987.5462301592595,-263.71996263107417,2238.8124229495934,15.7,14.228148457771299,17.1718515422287
10,6.0,4,10,5.221911286603384,5.060693615085387,5.3831289581213815,0.8346692413393104,0.41261642449234026,1.2567220581862806,0.06442566620196075,-0.0028675722138547938,0.1317189046177763,15114.135316468655,12542.51661495971,17685.7540179776,7333.291250898539,3308.8528847030843,11357.729617093994,1833.3228127246348,827.2132211757711,2839.4324042734984,532.6461491636967,14.35820649503114,1050.9340918323624,18.3,16.303540390405317,20.296459609594685
10,6.0,5,10,5.21102415111042,5.058390101749892,5.363658200470948,0.8455563768322746,0.42045668766225996,1.2706560660022892,0.010887135492964096,-0.015332155337083687,0.03710642632301188,15014.390077332238,12551.70836594251,17477.071788721965,7433.036490034952,3367.121590815538,11498.951389254365,1486.6072980069905,673.4243181631077,2299.7902778508733,99.74523913641443,-130.47473300776034,329.9652112805892,20.1,17.90287197060695,22.297128029393054
10,6.0,6,10,5.196188627987141,5.0569146100676825,5.335462645906599,0.8603918999555538,0.4194045070792232,1.3013792928318844,0.01483552312327916,-0.006875083275543597,0.036546129522101914,14881.39720610114,12547.931211488705,17214.863200713575,7566.0293612660535,3356.842651554475,11775.216070977633,1261.0048935443424,559.4737752590794,1962.5360118296053,132.99287123110062,-63.11092428269035,329.0966667448916,21.4,18.827365972827785,23.972634027172212
10,8.0,0,10,6.699614956155047,5.993308431048202,7.405921481261892,0.0,0.0,0.0,,,,36512.17092000495,27129.15075015303,45895.191089856875,0.0,0.0,0.0,,,,,,,0.0,0.0,0.0
10,8.0,1,10,5.715201590202783,5.354006209712315,6.076396970693251,0.9844133659522644,0.386504226568832,1.5823225053356968,0.9844133659522644,0.386504226568832,1.5823225053356968,24948.39500006888,20030.72656268663,29866.06343745113,11563.775919936077,4333.289782447586,18794.262057424567,11563.775919936077,4333.289782447586,18794.262057424567,11563.775919936077,4333.289782447586,18794.262057424567,8.2,7.635718862784834,8.764281137215164
10,8.0,2,10,5.4211791180481965,5.1867228710329325,5.6556353650634605,1.2784358381068504,0.6419483647704829,1.9149233114432178,0.29402247215458577,0.1135323669920425,0.47451257731712904,21632.45792832895,18201.739319181008,25063.17653747689,14879.712991676008,7194.292738249094,22565.133245102923,7439.856495838004,3597.146369124547,11282.566622551461,3315.937071739929,1226.1279230732048,5405.746220406652,15.1,14.063349356759069,16.13665064324093
10,8.0,3,10,5.284757605479674,5.098123766264942,5.471391444694406,1.4148573506753728,0.7413699067066,2.0883447946441454,0.13642151256852247,0.04743168465222626,0.2254113404848187,20145.648753584745,17171.55570250066,23119.74180466883,16366.52216642021,8294.033129154323,24439.0112036861,5455.507388806736,2764.677709718107,8146.337067895365,1486.8091747442045,514.4692017660526,2459.1491477223562,20.4,19.042705702321076,21.75729429767892
10,8.0,4,10,5.2430236411272535,5.068079099894292,5.417968182360215,1.456591315027795,0.7831584301672607,2.130024199888329,0.04173396435242234,0.0096716909155551,0.07379623778928958,19692.32633583843,16788.654385041977,22595.99828663488,16819.844584166527,8780.901039228953,24858.7881291041,4204.961146041632,2195.225259807238,6214.697032276025,453.32241774631586,123.77865570695064,782.8661797856811,23.9,22.101304481447624,25.698695518552373
10,8.0,5,10,5.193244598668588,5.046156612745538,5.340332584591637,1.50637035748646,0.8289414641781307,2.183799250794789,0.049779042458665136,-0.001559653220780527,0.1011177381381108,19109.91625107076,16672.22380022602,21547.608701915502,17402.254668934194,9258.588832998645,25545.920504869744,3480.450933786839,1851.7177665997294,5109.184100973948,582.410084767667,-26.942610222009876,1191.7627797573437,26.5,24.256773355473733,28.743226644526267
10,8.0,6,10,5.190158866923781,5.048292152589572,5.33202558125799,1.5094560892312678,0.8315747718055697,2.187337406656966,0.0030857317448075073,-0.012949308211696086,0.0191207717013111,19095.89587575649,16670.019349166534,21521.772402346447,17416.27504424846,9273.220573227161,25559.32951526976,2902.712507374744,1545.536762204527,4259.888252544961,14.02037531427086,-129.52083744340354,157.56158807194527,28.2,25.506438743707875,30.893561256292124
10,10.0,0,10,5.645192428998326,5.280120651512904,6.010264206483749,0.0,0.0,0.0,,,,29288.62180768586,23453.89279828901,35123.35081708271,0.0,0.0,0.0,,,,,,,0.0,0.0,0.0
10,10.0,1,10,5.286730687561804,5.044579325622581,5.528882049501028,0.3584617414365227,0.15390748534705956,0.5630159975259859,0.3584617414365227,0.15390748534705956,0.5630159975259859,24368.186546506528,20573.35373859278,28163.019354420274,4920.4352611793365,1901.3078491267997,7939.562673231873,4920.4352611793365,1901.3078491267997,7939.562673231873,4920.4352611793365,1901.3078491267997,7939.562673231873,9.0,8.523095396019556,9.476904603980444
10,10.0,2,10,5.09929060712054,4.939822440590759,5.258758773650322,0.5459018218777867,0.30357386278290777,0.7882297809726656,0.187440080441264,0.08106368287277066,0.29381647800975735,21946.29971999782,19384.26531378027,24508.33412621537,7342.322087688044,3707.498626903325,10977.145548472763,3671.161043844022,1853.7493134516626,5488.5727742363815,2421.8868265087076,995.8018706382775,3847.971782379138,16.3,15.4046123998097,17.1953876001903
10,10.0,3,10,5.036269515407283,4.8744589951100386,5.198080035704527,0.6089229135910443,0.34501689579618444,0.8728289313859042,0.06302109171325761,0.005598190631255724,0.1204439927952595,21132.735497662965,18607.658773604555,23657.812221721375,8155.886310022895,4238.798322055207,12072.974297990582,2718.6287700076323,1412.9327740184028,4024.324765996862,813.5642223348525,100.9569745415995,1526.1714701281055,21.4,20.377153576547475,22.422846423452523
10,10.0,4,10,4.998685653992849,4.873349282481121,5.124022025504577,0.6465067750054783,0.35784027414295266,0.9351732758680038,0.03758386141443397,-0.00575372253230947,0.0809214453611774,20635.62136715059,18549.823754826284,22721.418979474896,8653.000440535276,4414.008554247593,12891.992326822958,2163.250110133819,1103.5021385618982,3222.9980817057394,497.114130512378,-59.40296650901098,1053.6312275337668,25.3,23.716489986041257,26.883510013958745
10,10.0,5,10,4.993396397394879,4.876994795479054,5.109797999310705,0.6517960316034479,0.3697090961979535,0.9338829670089424,0.005289256597969594,-0.018561839953985318,0.029140353149924504,20580.542686739132,18571.127986978867,22589.957386499398,8708.079120946732,4547.991049575973,12868.16719231749,1741.6158241893459,909.5982099151942,2573.6334384634974,55.07868041145557,-217.13023739504902,327.2875982179602,27.6,25.975721447825585,29.224278552174418
10,10.0,6,10,4.987906625083217,4.87708804659032,5.098725203576114,0.6572858039151106,0.36678535432602405,0.9477862535041972,0.005489772311662744,-0.00692895544529639,0.017908500068621876,20518.196102064194,18563.482751642627,22472.90945248576,8770.42570562167,4516.351831292729,13024.49957995061,1461.737617603612,752.7253052154553,2170.749929991769,62.346584674941916,-78.69118842348274,203.38435777336656,29.7,27.46184853537952,31.93815146462048
10,11.0,0,10,5.587353176793878,5.209386894255082,5.965319459332675,0.0,0.0,0.0,,,,32082.85188955376,25913.69759620152,38252.006182906,0.0,0.0,0.0,,,,,,,0.0,0.0,0.0
10,11.0,1,10,5.169560399221206,4.970958133590283,5.368162664852129,0.4177927775726723,0.18396541951646914,0.6516201356288754,0.4177927775726723,0.18396541951646914,0.6516201356288754,25567.93475484824,22146.366368740953,28989.503140955527,6514.917134705517,2858.080318735667,10171.753950675367,6514.917134705517,2858.080318735667,10171.753950675367,6514.917134705517,2858.080318735667,10171.753950675367,9.2,8.747568567440359,9.65243143255964
10,11.0,2,10,4.990253444254941,4.856643973208841,5.123862915301042,0.5970997325389377,0.31177113903715553,0.8824283260407197,0.1793069549662653,0.07932656831274165,0.27928734161978896,22994.601752282793,20493.227259692234,25495.976244873353,9088.250137270968,4779.459304557385,13397.040969984551,4544.125068635484,2389.7296522786924,6698.520484992276,2573.3330025654514,1101.8724430273269,4044.793562103576,16.1,15.179561759359114,17.02043824064089
10,11.0,3,10,4.965905768729895,4.850627889112666,5.081183648347124,0.6214474080639834,0.34267894903711416,0.9002158670908526,0.024347675525045707,-0.016223452347140878,0.0649188033972323,22643.814937095478,20378.477398098992,24909.152476091964,9439.036952458282,5217.308072995897,13660.765831920668,3146.3456508194276,1739.1026909986329,4553.588610640222,350.7868151873139,-202.5364025239278,904.1100328985556,21.5,20.27249164622087,22.72750835377913
10,11.0,4,10,4.913864290700362,4.816759664139422,5.010968917261302,0.6734888860935161,0.3578817747190356,0.9890959974679966,0.05204147802953276,0.007476586604722009,0.0966063694543435,21927.92656440872,19926.69662307634,23929.156505741103,10154.92532514504,5444.945533776489,14864.90511651359,2538.73133128626,1361.2363834441223,3716.2262791283974,715.8883726867585,127.46774432664381,1304.3090010468732,25.1,23.538182928791503,26.6618170712085
10,11.0,5,10,4.907400783265458,4.803087228828433,5.011714337702482,0.679952393528421,0.36063580986933225,0.9992689771875096,0.006463507434904869,-0.015169459290110581,0.02809647415992032,21858.481465767887,19820.869363613157,23896.093567922617,10224.370423785876,5470.989169789949,14977.751677781804,2044.8740847571748,1094.1978339579891,2995.5503355563606,69.44509864083557,-199.88714769775282,338.77734497942396,27.6,25.777750066827537,29.422249933172466
10,11.0,6,10,4.896082297325153,4.7959998891879865,4.996164705462319,0.6912708794687259,0.3619639228434567,1.0205778360939952,0.011318485940304957,-0.007525556832817153,0.03016252871342707,21717.335956130886,19716.532931638896,23718.138980622876,10365.515933422872,5491.335198783406,15239.696668062337,1727.5859889038122,915.2225331305677,2539.949444677057,141.14550963699656,-105.05231148941905,387.34333076341215,30.3,28.303540390405317,32.296459609594685
10,12.0,0,10,5.66818866874423,5.237628980730447,6.098748356758014,0.0,0.0,0.0,,,,36579.62926191102,28304.859581859186,44854.39894196285,0.0,0.0,0.0,,,,,,,0.0,0.0,0.0
10,12.0,1,10,5.145170406724818,4.946895805818712,5.3434450076309234,0.5230182620194117,0.22119863163700731,0.824837892401816,0.5230182620194117,0.22119863163700731,0.824837892401816,27582.620338762128,23803.100386853133,31362.140290671123,8997.008923148896,3557.3263304246493,14436.691515873143,8997.008923148896,3557.3263304246493,14436.691515873143,8997.008923148896,3557.3263304246493,14436.691515873143,9.7,9.217170888066816,10.182829111933183
10,12.0,2,10,5.02942634797674,4.879461829146567,5.179390866806913,0.6387623207674898,0.29904544906584046,0.9784791924691392,0.11574405874807807,0.03598671193073154,0.1955014055654246,25717.250430458567,22583.517881422566,28850.98297949457,10862.378831452448,4911.728554342045,16813.029108562852,5431.189415726224,2455.8642771710224,8406.514554281426,1865.3699083035535,695.7443744383629,3034.9954421687444,16.9,16.273637044327646,17.52636295567235
10,12.0,3,10,4.9563025314937885,4.833373923970318,5.079231139017259,0.7118861372504411,0.36625186643292423,1.057520408067958,0.0731238164829513,0.017276526790469038,0.12897110617543356,24609.033057947883,21980.657448921178,27237.40866697459,11970.596203963136,5849.665145705673,18091.5272622206,3990.19873465438,1949.8883819018922,6030.509087406868,1108.2173725106873,293.02194714336997,1923.4127978780045,22.4,21.322997768517403,23.477002231482594
10,12.0,4,10,4.946326045286879,4.841780039897353,5.050872050676405,0.7218626234573496,0.3699988109306298,1.0737264359840695,0.009976486206908497,-0.015145420610044213,0.03509839302386121,24436.435674119293,21989.29329882623,26883.578049412357,12143.193587791728,5960.2837811170475,18326.10339446641,3035.798396947932,1490.0709452792619,4581.525848616602,172.5973838285914,-198.30597182085475,543.5007394780375,26.1,24.69131388829065,27.508686111709352
10,12.0,5,10,4.927951888944785,4.825053782469295,5.030849995420274,0.7402367797994451,0.37689395335464126,1.103579606244249,0.018374156342095473,-0.0015908124312743605,0.038339125115465306,24141.774557553756,21802.157210925074,26481.391904182437,12437.854704357263,6057.81741663067,18817.891992083856,2487.5709408714524,1211.5634833261338,3763.578398416771,294.6611165655351,2.3932149907535063,586.9290181403167,28.6,27.01111302654816,30.188886973451844
10,12.0,6,10,4.917152888057852,4.825760080672527,5.008545695443177,0.7510357806863774,0.3785544478239135,1.1235171135488413,0.010799000886932397,-0.016518345948297097,0.038116347722161895,23975.229972326666,21844.770200575964,26105.68974407737,12604.399289584353,6083.0014455713535,19125.797133597353,2100.733214930726,1013.8335742618926,3187.6328555995588,166.54458522709137,-244.22879972544223,577.317970179625,31.6,29.4354624450628,33.7645375549372
